author,text,likes,published_at
@youmakeskzstay9,Why does Bangchan always have to be so nice? That's so sweet,0,2025-04-21T00:25:54Z
@cristmass12,Omg I am dieingğŸ˜‚,0,2025-04-20T20:48:46Z
@Nova123YT,When will innie accept chans hugsğŸ˜‚ğŸ˜‚ğŸ˜‚ğŸ˜‚ğŸ˜‚,0,2025-04-15T19:02:49Z
@lilykea,â¤,0,2025-04-14T15:35:19Z
@KxNOxUTA,ğŸ˜‚ Our Channie with his tall youngest!,0,2025-04-12T17:03:33Z
@BarbaraPezzali,Aww so cute ğŸ¥ºâ¤ï¸,1,2025-04-10T11:13:30Z
@WangMengyaoNorthvistaps,their soo cute,0,2025-04-09T14:05:05Z
@æˆ¸ç”°æµ©è²´-w1o,ãƒãƒ³ã¡ã‚ƒã‚“ã®é¡”æ™®é€šã«ã‚¿ã‚¤ãƒ—ãªã‚“ã‚ˆãªã‚¢ã‚¤ã‚¨ãƒ³ã¯ã¾ã˜ã§å¯æ„›ã™ãã‚‹,0,2025-04-04T00:25:09Z
@MofuMinji,Maknae and Hyung:ğŸ˜‚,0,2025-04-03T11:54:43Z
@josephinehopson273,I wish I could see them in real life but I canâ€™t because I am in barrow and they are in Korean. Stray kids!!!!!!!!!!!!!!!!!!ğŸ’‹ğŸ’‹ğŸ’‹ğŸ’‹ğŸ’‹ğŸ’‹ğŸ’‹ğŸ’‹,0,2025-04-02T05:43:07Z
@MelissaHernÃ¡ndezRamÃ­rez-g4c,Bangchan y i.n i like it stray kids skz gusta mucho te amo tanto mucho,0,2025-04-01T00:08:22Z
@Rogue-edits17,:] â¤,0,2025-03-29T13:14:10Z
@staywithme_5124,RUN JEONGIN RUN,0,2025-03-29T02:20:44Z
@ryutym,THW WAY HE CHASED HIM MY HEART CANT DEAL WITH THIS BRO PLEASE,0,2025-03-28T02:58:22Z
@Always_valeriee,Oldest and youngest>>>>>,1,2025-03-27T16:40:55Z
@soaptheslipperyone,Hi stray kidsâ¤â¤â¤,0,2025-03-26T23:17:41Z
@SimaSoren-c1c,So cuteâ¤,0,2025-03-26T07:03:59Z
@skzCHANNIE-INNIEKANGAROO,AAAHHHHGGGFF MY BIAAAASSS,1,2025-03-24T22:20:43Z
@Moonlight_City,Leader and maknae â¤â¤â¤,0,2025-03-23T21:48:08Z
@8l.i.x6,The nicest two in the band togetherğŸŒ·ğŸ’¥,0,2025-03-23T16:29:07Z
@InnieFan,I love Jeongins smile itâ€™s so cute â¤â¤,0,2025-03-23T08:51:31Z
@Stray_winter,A dupla perfeita ğŸ«¶ğŸ‡§ğŸ‡·ğŸ‡§ğŸ‡·ğŸ‡§ğŸ‡·,1,2025-03-21T21:19:40Z
@1FanOfStrayKids1,â¤â¤â¤â¤,1,2025-03-20T20:58:22Z
@Kawiigirl-q7o,Cuteâ¤â¤â¤,0,2025-03-20T18:46:35Z
@Stay_joengin,Not bangchan at every dance with jeongin (i.n) he run to hug him ğŸ˜­ğŸŒ· they are so sweet omg I can't,0,2025-03-19T22:59:11Z
@SunflowerPosts,The maknae and hyung â¤,0,2025-03-18T04:42:03Z
@Hypeebow,OMG THE RUNâ¤â¤â¤â¤,0,2025-03-17T11:46:20Z
@esmitachofitalopez,Ayudenlo a correr al viejito de 60 aÃ±os!,0,2025-03-16T18:35:08Z
@MirnaLeÃ³nLeÃ³n,Cute i.n and Bangchan the way how bangchan ran fast,0,2025-03-16T15:41:55Z
@Yukath4td00dg3,THE CHASE AT THE ENDğŸ˜­ I CANT THEY ARE TOO CUTE â¤,0,2025-03-13T06:03:46Z
@SaraBartkova-o2u,The way BangChan chased I.N in the end. â¤â¤â¤â¤ğŸ˜ŠğŸ˜ŠğŸ˜ŠğŸ˜Š.,1,2025-03-13T05:28:09Z
@curubs,â¤â¤â¤,0,2025-03-09T23:59:25Z
@MariangelMontiel-x1v,â¤â¤â¤â¤â¤â¤â¤â¤â¤â¤â¤â¤â¤â¤â¤â¤â¤â¤â¤â¤Beutiful,0,2025-03-05T14:26:51Z
@JudithMendoza-f8i,I love you ğŸ«°ğŸ«°,0,2025-03-05T13:15:06Z
@chaew_o_ni,maknae and the eldest = the best duo ever! <3,1,2025-03-05T12:53:11Z
@Wapulz1989,â¤â¤â¤â¤,0,2025-03-04T12:46:12Z
@GhostieToastie1,"Fox And The Hound âŒï¸

Fox And The Wolf    âœ…ï¸",1,2025-03-03T21:25:08Z
@thaismoreira4566,ğŸ˜Šâ¤ğŸ¥°ğŸ˜â¤ï¸ğŸ’‹ğŸ’ŸğŸ’Œ,0,2025-03-01T18:48:44Z
@MariaClara-cv3ej,â¤â¤â¤ğŸ˜­ğŸ˜­ğŸ˜­ğŸ˜­,0,2025-02-25T02:11:59Z
@Milzerz_xoxo,The fact Iâ€™m the same highly as Changbin and Iâ€™m half his age ğŸ˜­,0,2025-02-24T02:14:38Z
@Stay-withStraykids,â¤â¤â¤,0,2025-02-22T08:17:19Z
@JoudyJojo-dc7rc,The maknae with the hyung (I don't mean it romantically so don't take it tve wrong way),1,2025-02-19T10:40:27Z
@Hyunjinnie193,Channie is always so clingy with his members!!!ğŸ’™ğŸ–¤,1,2025-02-19T01:35:06Z
@MarSolo-m5d,Channie is the best leader everâ¤,1,2025-02-19T00:12:20Z
@giuliacassol2763,OMG SO CUTEâ¤ğŸ“âœ¨ï¸ğŸ‘‰ğŸ‘ˆğŸ«¶ğŸ«°,0,2025-02-18T23:51:35Z
@ElijahVibez,"My bias wrecker: I.N
And
My bias: Chan
So cute",0,2025-02-16T11:21:10Z
@khunmyintoo6844,Oldest and youngest,0,2025-02-15T01:27:04Z
@merzouguiembarka1664,ğŸ˜ŠğŸ˜ŠğŸ˜…ğŸ˜…qğŸ˜ŠğŸ˜ŠğŸ˜Š,0,2025-02-10T15:57:00Z
@Ihavestraykidsdisbandphobia,way1 ì°¬ ì°¨ì„¼ ì´ë‹ˆ ë„ˆë¬´ ê·€ì—¬ì› ì–´ìš” ğŸ˜ ğŸ˜­,0,2025-02-10T08:32:40Z
@PuppyM143-w4n,Their friendship is so cute,1,2025-02-02T20:13:51Z
@ManarAlbalushi-if4eq,The leader and the maknee are finally togetherğŸ˜ŠğŸ‰,0,2025-02-02T10:10:26Z
@Aaravkayoutubechannel,Dad and baby bread are together â¤â¤ğŸ˜‚,0,2025-02-02T08:22:19Z
@STAY_minsung143,WHERE HAS I. N'S INNOCENTS GONE,0,2025-02-01T12:53:02Z
@Sumeyye143,Sooo cute ğŸ€,0,2025-01-31T12:43:12Z
@BuglemSenturk-zl9ni,Owww so cuteeeâ¤,0,2025-01-29T07:43:26Z
@MeryamBen.terach,ğŸ˜˜ğŸ˜˜ğŸ˜˜ğŸ˜˜ğŸ˜˜ğŸ’â¤ï¸â€ğŸ”¥ğŸ‡©ğŸ‡¿,0,2025-01-28T15:17:17Z
@LillyWi-l9f,That is hot ğŸ”¥ğŸ¥µ,0,2025-01-27T22:21:54Z
@Skz_yongbok14,ì•„ê¸°ì™€ ë…¸ì¸ í•˜í•˜í•˜,0,2025-01-26T18:44:52Z
@Warishaa-w17,The cute relation between the hyung and the maknaeğŸ™‚,0,2025-01-20T21:50:06Z
@AmigoHamid-mm4gr,Emm i like itâ¤â¤,0,2025-01-20T11:05:13Z
@decoreis3358,I'm going to tell Minnie that you're cheating on him!!,0,2025-01-19T15:29:14Z
@MariMari-z5n,"Ğ’ĞµÑ‡Ğ½Ğ°Ñ ÑĞ°Ğ³Ğ°: Ğ‘Ğ°Ğ½Ñ‡Ğ°Ğ½, ĞºĞ¾Ñ‚Ğ¾Ñ€Ñ‹Ğ¹ Ñ…Ğ¾Ñ‡ĞµÑ‚ Ğ²ÑĞµÑ… Ğ¾Ğ±Ğ½ÑÑ‚ÑŒ, Ğ¾ÑĞ¾Ğ±ĞµĞ½Ğ½Ğ¾ I.N.ğŸ¥°ğŸ˜‚",0,2025-01-19T00:35:42Z
@lvianabalqis,why is I.n taller then bangchan ...,0,2025-01-18T06:31:36Z
@Stay_143Chanmin,CuteğŸ˜­ğŸ’–ğŸºğŸ¦Š,0,2025-01-16T06:12:56Z
@L-ë¦¬ìŠ¤,I love you stray kids â¤i love youuuu!!!!â¤â¤â¤â¤â¤ğŸ˜ğŸ¤©,0,2025-01-13T17:12:43Z
@Niloooooooh_oooy787i,ğŸ˜‚ğŸ˜‚,0,2025-01-08T21:36:54Z
@Niloooooooh_oooy787i,â¤â¤â¤â¤,0,2025-01-08T21:36:48Z
@kpop_hyunlix0,"ğŸ¦ŠğŸ¤ğŸ»
ğŸºğŸ¤ğŸ»
ğŸ¥¹",1,2025-01-08T10:30:38Z
@elizabethkusch2080,BRO I â¤ I.N,0,2025-01-06T19:57:43Z
@AndressaSantos-yj4sp,â¤ğŸ‰,0,2025-01-03T08:35:32Z
@carlawilliams3379,The why I.N always runs with him and smiles and bangchan chases him is so cute,0,2025-01-02T08:04:31Z
@CheungLafuentes,Amoooooâ¤,0,2024-12-30T19:48:23Z
@BaharFarahbakhsh-vi8gs,I.N has even grown up than Bang Chan.,0,2024-12-30T12:48:17Z
@baiqkartini7798,ğŸ˜Š,0,2024-12-26T11:23:07Z
@Taylor-p8u5h,Just father and sonâ¤ğŸ˜‚ğŸ˜‚,0,2024-12-24T16:08:55Z
@samanthaflores3997,Chan it's very cuteâ¤ğŸ˜Š,0,2024-12-23T17:49:49Z
@AnnMosquito,Dad and his youngest sonâ¤â¤,0,2024-12-21T18:08:49Z
@Ozzy-r2b,Chá»“ng em,0,2024-12-21T15:31:35Z
@hyunjinni_1970,Jeongin and bangchan have beautiful dance â¤,0,2024-12-20T22:10:12Z
@staylfreja.x,i love how innie is taller than channie itâ€™s giving taller but younger and shorter but taller friendship ğŸ¤,0,2024-12-20T16:47:47Z
@WangYibo.0,May god always give our Chani reasons to smile. He keeps smiling like this. And our I.Nnie his hyungs by his side who always adore him and make him smile.,0,2024-12-20T13:22:28Z
@neznam-xx,They are SO SO SO SO cuteee!I.N running away and Chan chasing him!!,0,2024-12-20T12:31:46Z
@Ø¹Ù„ÛŒØ¹Ø¨Ø¯Ø§Ù„Ù„Ù‡ÛŒ-Ø¯4Ø³,â¤â¤â¤ğŸ«¶ğŸ‘ŒğŸ»ğŸ‘ŒğŸ»ğŸ‘ŒğŸ»ğŸ¥¹,0,2024-12-19T18:29:20Z
@Dorar47,I want someone to look at me like Bang Chan looks at IN,1,2024-12-19T10:33:17Z
@anieleChaves,ğŸ’ğŸ¥°ğŸ’¥ğŸ’¯ğŸ‘ğŸ»ğŸ‘ğŸ»ğŸ‘ğŸ»ğŸ‘ğŸ»,0,2024-12-19T04:09:30Z
@Lee_felbok,Sizce hangisi en kÃ¼Ã§Ã¼k??,1,2024-12-17T17:01:29Z
@JENNIEMANTRA-v5l,Omg so cute,1,2024-12-16T21:55:20Z
@Show-gaJinsil,this maknae x makhyung duo will never fail to make my day.,0,2024-12-15T08:07:18Z
@AkaneKibutsujifankny,ğŸ¥°ğŸ˜˜,0,2024-12-15T03:52:59Z
@Binniewqq1999,WUAAAAA,0,2024-12-14T08:32:14Z
@JoyceWhite-z7o,ğŸ¦Š:*runs* ğŸº:h-GET BACK HERE ğŸ˜¡ğŸ˜¡ğŸ˜¡ğŸ‘¹ğŸ‘¹ğŸ‘¹ğŸ‘¹,0,2024-12-14T03:23:23Z
@AhmedAhmed-x3v9r,â¤â¤â¤â¤â¤â¤â¤â¤â¤ğŸ˜Š,0,2024-12-13T18:28:46Z
@AhmedAhmed-x3v9r,â¤â¤â¤â¤â¤,0,2024-12-13T18:28:15Z
@AhmedAhmed-x3v9r,â¤â¤â¤â¤,0,2024-12-13T18:27:57Z
@jisharajan9776,I sing thisâ¤â¤â¤â¤ğŸ˜‚ğŸ˜‚ğŸ˜‚ğŸ˜ŠğŸ˜ŠğŸ˜Š,0,2024-12-12T15:25:09Z
@MRDI-pj3pd,Ğ§Ğ¾Ğ½Ğ¸Ğ½ I â¤ you â¤â¤â¤â¤,0,2024-12-12T10:36:10Z
@BrendaToland,fox and wolf,0,2024-12-11T19:29:54Z
@amarhassan7585,A cute ğŸ¦Šand a nice ğŸºâ¤â¤â¤ğŸ˜ğŸ˜,0,2024-12-11T17:32:04Z
@OmontleMabayane,I love their friendship â¤ğŸ˜Š,0,2024-12-09T23:31:44Z
@skzeditroom14,I.N and bang chan's smile says everything,0,2024-12-09T06:56:26Z
@anirriixxstaay,"I love you, Stray kids! I really want you to have everything great and cool! You are a very friendly group, one of my favorites! The way Chan chased after I.N.ğŸ˜‚ğŸ˜‚",0,2024-12-08T19:38:02Z
@emi-12q,Bro Chan really said â€œRUN RUN RUN B4 WE COME COME COMEâ€ğŸ˜­,0,2024-12-07T23:08:11Z
@JINIRETSwifeyyy,I_N ate up â¤â¤â¤â¤â¤â¤,1,2024-12-07T22:21:52Z
@TrinidadPillasagua,Seungmin in the buildingâ¤â¤ğŸ˜‚,0,2024-12-06T19:41:54Z
@Mahraxplayz,THE WAY CHAN RUNS AFTER I.N IN ALL THE VIDS THEY DO TOGETHER ASBHHHAHAHAHAJDD SNMDLEEOOWHWHEHENDHDJKJKJ,0,2024-12-06T15:49:24Z
@ë¯¸ìŠ¤ìŠ¤íŠ¸ë ˆì´í‚¤ì¦ˆ143,I love I.N'S typical PANTSğŸ¤ŒğŸ»ğŸ˜©â¤,0,2024-12-05T15:41:37Z
@LakdherAbidi,Chan& i.n wooowâ¤â¤â¤â¤â¤â¤,0,2024-12-04T21:07:51Z
@Edits_da_gih,Son and daddy,0,2024-12-04T14:52:17Z
@í ë¦­ìŠ¤-k8l,ê°€ì¥ ì•„ë¦„ë‹¤ìš´ ì§€ë„ì â¤,0,2024-12-04T14:37:09Z
@RosiePosieee9,Waitt mannn chan and seungmin have the same shoes ma mateeeee,0,2024-12-04T14:18:49Z
@juh_tea,I loved this dance! ğŸ«¶ğŸ»ğŸ¤,0,2024-12-03T23:00:03Z
@Anna-wb2dp4px5z,ğŸ˜ŠĞœĞ¸Ğ»Ğ¾,0,2024-12-03T22:48:02Z
@gijohnslifeandfun3945,I LOVE YOU,0,2024-12-03T19:45:24Z
@STRAYSTAY-h2v,The way chan chased his at the end my heart ğŸ˜‚ğŸ˜­â¤ï¸,0,2024-12-03T19:22:18Z
@jinxynorion1,LEADER AND MAKNAE DUO IS SO CUTEğŸ˜­ğŸ˜­ğŸ”¥ğŸ’•,0,2024-12-03T05:20:24Z
@Cho-young,Oh mÃ£e ce tÃ¡ gravando ğŸ¤¨ e relss.,0,2024-12-03T00:26:51Z
@ha_rmful,IN Ğ²Ñ‹ÑˆĞµ Ğ§Ğ°Ğ½Ğ°?? ğŸ˜®,0,2024-12-02T10:22:51Z
@YangJeonginIsmyPookiebear,The way Bang chan  stared at I.n Is EVERYTHING ğŸ˜­ğŸ©·ğŸ©·,1,2024-12-02T05:24:32Z
@RafaelaHurtado-t4z,Yasss you guys slayed,0,2024-12-02T00:54:13Z
@T0K1D0K1LUV3R,the iconic pose at the beginning,0,2024-12-01T02:43:34Z
@Kãƒ¼POP-a7,2äººã®ãƒ€ãƒ³ã‚¹ã‹ã‚ã„ã„â¤ã‚¤ã‚¨ãƒ‹ãŒé€ƒã’ã‚‹ã®ãŠã‚‚ã‹ã‚ï¼ˆé¢ç™½ã„ï¼†ã‹ã‚ã„ã„ï¼‰,0,2024-11-30T22:34:43Z
@Mehtap-m3i,"En sevdiÄŸim ikili 
Liderim kÃ¼Ã§Ã¼k oÄŸlum â¤ï¸â€ğŸ©¹ğŸ¥º",0,2024-11-30T21:12:17Z
@LalaDi67,Love I.N's clothes but WHATS THOSE SHOES AGAIN-,0,2024-11-30T19:29:14Z
@MelisaUgurlular,Ä± love you chriss,0,2024-11-30T18:26:37Z
@Mainiacera,The way chan chased him at the end was so cute,0,2024-11-30T11:36:40Z
@angelmilk66,CAN WE TALK ABT I.Nâ€™S CUTE DANCING,0,2024-11-30T09:31:49Z
@victormanuelmoorereyes59,Bro bro You two are the best at dancing,0,2024-11-30T05:52:28Z
@fernandocortesrojas5648,ğŸ’–ğŸ«¦,0,2024-11-28T22:09:43Z
@elycaramelo2137,â¤-ğŸ¦Š-â¤-ğŸº-â¤,0,2024-11-28T20:06:38Z
@Ğ›ÑĞ±Ğ»ÑÑĞºĞ¸Ğ·Ğ¾Ğ²143,ëŒ“ê¸€ ë‹¬ê¸°ì—” ë„ˆë¬´ ê·€ì—¬ì›Œìš”â¤ï¸â¤ï¸â¤ï¸,0,2024-11-28T19:05:59Z
@Jessa_lumasfan,YALL ATE AND LEFT NO CRUMBS,0,2024-11-28T17:43:20Z
@Islam_07_07,Ğ£Ñ„Ñ„Ñ„ Ğ»ÑƒÑ‡ÑˆĞ¸ĞµğŸ˜‚â¤,0,2024-11-28T14:00:59Z
@leighherborn3674,"The MAKMAE AND THE LEADERâ¤â¤
THEY ARE THE PERFECT DUO",0,2024-11-28T13:05:06Z
@Nayeon_twice17273,Que tierno innie y chansitoâ¤ğŸ˜¢ğŸ˜¢,0,2024-11-28T10:58:52Z
@Lih70,ë‚˜ëŠ” í ë¦­ìŠ¤ë¥¼ ì‚¬ë‘í•´,0,2024-11-27T22:07:02Z
@RukiyoHassan-p3o,Bang chan and i.n is so cute ğŸ¥°ğŸ¥°ğŸ¥°ğŸ¥°ğŸ¥°ğŸ¥°ğŸ¥°ğŸ¥°ğŸ¥°ğŸ¥°ğŸ¥°ğŸ¥°ğŸ¥°ğŸ¥°ğŸ¥°ğŸ¥°ğŸ¥°ğŸ¥°ğŸ¥°ğŸ¥°â¤â¤â¤â¤â¤â¤ rukioy,0,2024-11-27T13:40:22Z
@Lalaisa_Monobal,A love bangchang a love Ayen,0,2024-11-27T13:18:20Z
@fa-ma-v,â¤,1,2024-11-26T19:33:02Z
@ChloeLovesKorea,Tall baby and small father,0,2024-11-26T17:14:11Z
@Stay2018-forever,That is a true friendship right there,0,2024-11-26T14:45:51Z
@isabeldaddy5447,Just a normal day with father Chan and I.N,0,2024-11-26T11:38:46Z
@ZevsikZevsik,Ğ¡Ñ€ĞµĞ´Ğ° Ñ ÑÑ€Ğ°Ğ»Ğ° ğŸ˜®ÑğŸ˜…,0,2024-11-26T09:56:06Z
@Stayoffical-b7b,Oldest and youngest? Best duo,0,2024-11-26T07:44:56Z
@Nayeonilereallife,Chan can u do this dance with Felix plsss,0,2024-11-25T18:23:49Z
@Horseslove-r8c,"ì°¬ì€ ìµœê³ ì˜ ë¦¬ë”,ì°¬ì€ ìµœê³ ì˜ ë¦¬ë”,ì°¬ì€ ìµœê³ ì˜ ë¦¬ë”ì…ë‹ˆë‹¤ ì°¬ì€ ìµœê³ ì˜ ë¦¬ë”,ì°¬ì€ ìµœê³ ì˜ ë¦¬ë”,ì°¬ì€ ìµœê³ ì˜ ë¦¬ë”,ì°¬ì€ ìµœê³ ì˜ ë¦¬ë”,ì°¬ì€ ìµœê³ ì˜ ë¦¬ë”,ì°¬ì€ ìµœê³ ì˜ ë¦¬ë”,ì°¬ì€ ìµœê³ ì˜ ë¦¬ë”,ì°¬ì€ ìµœê³ ì˜ ë¦¬ë”,ì±„ëŠ” ìµœê³ ì˜ í•  ë¦¬ë²„,ì°¬ì€ ìµœê³ ì˜ ë¦¬ë”ì…ë‹ˆë‹¤",0,2024-11-25T13:17:19Z
@Ø³ÙˆÙ†ØºÙ…ÙŠÙ†_Ù„ÙŠ_ÙˆØ¨Ø³,ğŸ¥¹ğŸ˜¶â€ğŸŒ«ï¸ğŸ«¶ğŸ˜­ğŸ’–âœ¨ï¸ğŸ’‹,0,2024-11-25T13:07:49Z
@Mc.Doona.1,I.Nâ¤,0,2024-11-25T12:10:56Z
@Seungminaaaa-plu,So cuteeeeeeee â¤â¤â¤â¤,0,2024-11-25T12:02:18Z
@HyunjinfanÄ±aybikkk,â¤,0,2024-11-24T11:52:40Z
@AutmnTriplett,Nah bangchan why u chasing I.N,0,2024-11-24T01:38:07Z
@JillWithnall,Looks so cute bang chan looks so happy,0,2024-11-23T22:16:51Z
@faridaahmed-s9m,â¤â¤,0,2024-11-23T20:01:19Z
@Blink-r6p,Bangchan I.n I love youâ¤,0,2024-11-23T08:12:15Z
@Georgia_kpop_queen,Bestiesssâ¤,0,2024-11-23T03:18:37Z
@Iodwoikkqexioqeioeqxoix,I like it,0,2024-11-23T03:11:48Z
@Deniz_Ada_KESEN,Maknae I.N. and Leader Bangchanâ¤â¤â¤â¤â¤â¤,0,2024-11-22T14:16:44Z
@PollyPockets178,the oldest and the youngest ğŸ«¶ğŸ»ğŸ«¶ğŸ»ğŸ˜­ğŸ˜­ğŸ¥°ğŸ¥°ğŸ¥°,0,2024-11-21T22:19:32Z
@Safia-333,Ğ­ÑÑ Ñ Ğ½Ğµ Ğ¿Ğ¾Ğ½Ğ¸Ğ¼Ğ°Ñ Ñ‚Ğ°Ğ¼ Ğ¿Ğ¾ĞµÑ‚ÑÑ Ñ Ğ»ÑĞ±Ğ»Ñ Ğ´ĞµĞ²Ğ¾Ñ‡ĞµĞº Ğ¸Ğ»Ğ¸ Ğ¿Ğ¾ Ğ´Ñ€ÑƒĞ³Ğ¾Ğ¼Ñƒ? Ğ¯ Ğ¿Ñ€Ğ¾Ğ¼ÑŒĞ¾ Ğ½Ğµ Ñ ĞšĞ¾Ñ€ĞµĞ¸,0,2024-11-21T10:31:27Z
@radi_Asra,Ø¬Ø§ÛŒ Ø®Ø§Ù„ÛŒÙ€Ù€Ù€Ù€Ù€Ù€Ù€Ù€Ù€Ù€Ù‡ Ø³Ù€Ù€Ù€Ù€ÙˆÙ†Ú¯Ù…ÛŒÙ€Ù€Ù€Ù€Ù€Ù† ğŸ˜¢,0,2024-11-21T09:08:15Z
@CeciliaGarcia-yp7go,Hello i love stray kidsâ¤â¤â¤â¤â¤â¤â¤â¤â¤â¤â¤â¤,0,2024-11-21T02:57:24Z
@clarissaarreaga8848,"Daddy chan and baby I. N
ğŸ¥º",0,2024-11-20T22:25:33Z
@ì§„ì•„-j4g,ì˜¤ë¥¸ìª½ ê¹Œë¦¬í•œë° ê·€ì—½ëˆ„,1,2024-11-18T11:55:29Z
@straykidsstan-q8y,The captionsssğŸ˜­,0,2024-11-17T19:54:54Z
@Trendsetter_blackpink,Only choreography my stiff as can attemptğŸ˜‚,0,2024-11-17T16:11:55Z
@edonakraja2928,Ooo...I.N and BangChan look very cute togetherâ¤,0,2024-11-17T13:15:54Z
@Tukijohabelonskzoo,Sus caras de tiernos son tan hermosos que nisiquiera puedo aguantar la ternura!!,0,2024-11-16T02:24:22Z
@PihuKulshrestha-b4w,"The youngest and the oldest, the cutest plus funniest combo i have ever seen",1,2024-11-15T20:28:37Z
@luzjimenez519,"ğŸ˜¢â¤â¤â¤ğŸ˜‚ğŸ˜‚ğŸ˜‚ğŸ˜‚ stray kids â¤â¤â¤â¤ ğŸ˜ŠğŸ˜Š,ğŸ¦ŠğŸ˜ºğŸ˜Š",0,2024-11-15T15:33:16Z
@LuxyShadows_stay,Are my eyes glitching so hard that I can see the height differenceğŸ˜¢,0,2024-11-15T13:26:39Z
@Randomeditzz-1a5,Cutest dance and the cutest duo â¤ğŸ˜‚,0,2024-11-15T04:41:44Z
@emilymcpherson3778,AWW THIS IS SO CUTE I LOVE THESES TO,0,2024-11-15T03:08:16Z
@jeonginxjellyx,Jeongin & Chrisâœ¨âœ¨,0,2024-11-15T01:15:40Z
@AnthonyCortez-q1f,Los amo,0,2024-11-14T22:00:46Z
@chaypxndx9470,â¤â¤â¤â¤â¤,0,2024-11-14T19:58:34Z
@ver_qiss,ĞœĞ¾Ğ¸ Ğ¶ĞµĞ½Ğ¸Ñ…Ğ¸ ğŸ˜»,0,2024-11-14T13:54:12Z
@Stay-for3v3r-143,Maknea and the hyung â¤â¤,0,2024-11-14T10:33:16Z
@HwangHyunjin_20000,Best Leaderâ¤Best Maknae,1,2024-11-14T08:21:42Z
@NURHAYATI-tn2sl,(........),0,2024-11-13T17:15:10Z
@AbigailCurtis-x1q,RUNNNN I.N RUNNN ğŸ¤£ğŸ¤£ğŸ¤£,0,2024-11-13T13:12:23Z
@ĞĞ¼Ğ¸Ğ½Ğ°Ğ¢Ğ°Ğ¼ĞºĞ°ĞµĞ²Ğ°-Ñ†5Ğµ,I.nâ¤â¤â¤â¤â¤,0,2024-11-13T12:08:45Z
@JheysCota,yolos guieromucho â¤â¤â¤â¤â¤ ğŸ˜ŠğŸ˜ŠğŸ˜ŠğŸ˜ŠğŸ˜ŠğŸ˜Š,0,2024-11-12T15:04:35Z
@AERA-w3g,There running heheğŸ˜ŠğŸ˜…â¤,0,2024-11-12T02:26:38Z
@DeaveVelasco,Grandpa and maknae duo be like:,1,2024-11-11T23:30:37Z
@ĞœĞ¸Ğ»Ğ°Ğ½Ğ°-Ñ6Ñ„4Ñ…,"ëŸ¬ì‹œì•„ì— ì–¸ì œ ë„ì°©í•˜ì‹œë‚˜ìš”?
r",0,2024-11-11T22:50:21Z
@Kpoper-p2p,Ğ¡Ñ‚Ğ°Ñ€ĞµĞ½ÑŒĞºĞ¸Ğ¹ Ğ¿Ñ€Ğ¾Ñ‚Ğ¸Ğ² Ğ¼Ğ»Ğ°Ğ´ÑˆĞµĞ½ÑŒĞºĞ¾Ğ³Ğ¾ Ğ¾Ğ½Ğ¸ Ñ‚Ğ°ĞºĞ¸Ğµ Ğ½ÑÑˆĞºĞ¸â¤ğŸ˜Š,0,2024-11-11T12:23:59Z
@Rennybennykenny,ILY BANGCHANâ¤ï¸ğŸ€,0,2024-11-11T06:54:05Z
@JazminaFuentesvivas,ğŸ’—ğŸ’—ğŸ’—ğŸ’—ğŸ’—ğŸ’—ğŸ’—,0,2024-11-10T19:15:30Z
@Realstay_leeknow,LÄ°DER VE MAKNAE,0,2024-11-10T13:46:37Z
@jajjshni,MAKNAE AND HYUNG ON TOPâ¤,0,2024-11-10T12:19:13Z
@st4rz_310,AWW THE LIL DANCE WITH THEIR ARMS GOING UP AND DOWN IS SO CUTE â¤â¤,0,2024-11-09T21:29:38Z
@st4rz_310,AWW THE LIL DANCE WITH THEIR ARMS GOING UP AND DOWN IS SO CUTE â¤â¤,0,2024-11-09T21:29:31Z
@terciliamachado3947,I love yousâ¤â¤â¤â¤â¤,1,2024-11-09T18:24:20Z
@RokanAli-mn2fi,ì°¬ì´ê°€ ì´ì•ˆë³´ë‹¤ ë‚˜ì´ê°€ ë§ì€ ê±´ ì•„ëŠ”ë° ì™œ ì´ì•ˆì´ ì°¬ë³´ë‹¤ í‚¤ê°€ í¬ë‚˜ìš” ğŸ¤¦â€â™€ï¸ğŸ˜­,0,2024-11-09T13:26:14Z
@andrianajalalao8891,FÃ©lix et moi sont amis ğŸ˜Š,0,2024-11-09T10:10:08Z
@23ililililol,Bangg channn cute and beautiful smile ğŸ¥¹ğŸ¥¹ğŸ¥¹ğŸ¤ğŸ»ğŸ¤ğŸ»,0,2024-11-09T08:24:17Z
@ElizabethDuran-c9o,THE DAD AND SON DUOâ¤â¤,0,2024-11-09T04:40:18Z
@ftd5e7ehgdyd,ĞŸĞ°Ğ¿Ğ°ÑˆĞ° Ñ Ğ¼ĞµĞ»ĞºĞ¸Ğ¼ğŸ˜‚â¤,0,2024-11-09T01:31:17Z
@rubyrodriguez6704,I.N i love youâ¤â¤â¤,0,2024-11-09T00:04:55Z
@maryjanearada138,Father and son awhhhğŸ˜Š,0,2024-11-08T15:12:24Z
@ranisuriyan6377,Oldest act like a kid and youngest act like a adult,0,2024-11-08T12:33:07Z
@sayralopez5936,I. N so cutee and bang Chan,0,2024-11-08T06:47:29Z
@seungmin_stay-hb,"Mano,que fofinhos eles ğŸ¦ŠğŸº",0,2024-11-06T23:20:10Z
@valgeanfariasdaguia,I love,0,2024-11-06T22:37:02Z
@DÃ©boraYT456,The fox and the wolf's prey... So it makes sense,0,2024-11-06T20:47:41Z
@Stay_HBC143,Vather with son â¤â¤â¤â¤â¤ğŸ˜‚,1,2024-11-06T14:59:00Z
@lovekat3,Cuteâ¤,0,2024-11-06T05:07:21Z
@AllanaSantos-m7t,ì•„ë²„ì§€ì™€ ì•„ë“¤ì˜ ì‚¬ë‘ â™¥,0,2024-11-05T19:35:23Z
@CrystalCross-f7j,The brothers,0,2024-11-05T19:04:04Z
@RabiaKocamaz,Alt yazlÄ±k Ã¼st kÄ±ÅŸlÄ±k ğŸ˜‚ğŸ˜‚ğŸ˜‚ğŸ˜‚ğŸ˜‚,1,2024-11-05T14:05:18Z
@pAiSlEyYYYYYYYYYYY,I thought they froze at the startğŸ˜­-,0,2024-11-05T03:01:28Z
@jayaprilyt578,Jeongin get your fox tongue out of here ğŸ˜­,0,2024-11-05T00:56:10Z
@yessiehorror2376,I.n's smile is so cute and beautiful â¤ğŸ˜Š,0,2024-11-05T00:50:00Z
@Moura_cindy,"Dad and baby â¤â¤â¤ sorry i,m just kidding",0,2024-11-04T21:02:28Z
@MayaAlali-b6x,I like it â¤ï¸â¤ï¸â¤ï¸ğŸ«°ğŸ«°ğŸ«°,1,2024-11-04T18:34:38Z
@kivilcimozmen6270,Oldest and the youngestâ¤,1,2024-11-04T16:36:58Z
@IB_DAV_YA,Gay ğŸ’€ğŸ™,0,2024-11-04T16:14:29Z
@karenmoore3788,In went can't catch meğŸ˜ˆ,0,2024-11-04T15:40:27Z
@AlessiaRamirez-n1l,â¤,0,2024-11-04T14:58:21Z
@Ğ¨Ğ¾Ñ€Ğ°Ğ°Ğ½Ğ¥ĞµÑ€Ñ‚ĞµĞº-Ñ‹1Ñ„,How are you Stray kids you are so sweet and positive keep up the good work I love youğŸ’‹,0,2024-11-04T12:27:30Z
@Ğ¨Ğ¾Ñ€Ğ°Ğ°Ğ½Ğ¥ĞµÑ€Ñ‚ĞµĞº-Ñ‹1Ñ„,I send greetings from the Republic of Tuva,0,2024-11-04T12:26:11Z
@Î ÎµÏ„ÏÎ¿Ï‚Î‘ÏÎ¹ÏƒÏ„Î¿Ï„ÎµÎ»Î¿Ï…Ï‚,The dad had to chase his youngest child cuz he was being naughty naughty(I.N is not naughty naughty),0,2024-11-04T11:58:09Z
@ferchy-k1z,Its so cute,0,2024-11-03T19:11:52Z
@EmelyEmy-nt3wt,Oiii sou do brasil,0,2024-11-03T17:58:00Z
@Bbokaris_Freckle,Youngest and oldest â¤â¤,0,2024-11-03T16:36:36Z
@Harper-vs1tn,They all slayed it j love you channie,0,2024-11-03T16:28:55Z
@PinkTeddy._.IsBored,No *do the like it dance* but *chase each other*ğŸ˜‚,1,2024-11-03T15:12:23Z
@LakshmimatiDash,The maknae and the hyung duo â¤â¤â¤â¤ğŸ¥¹ğŸ¥¹ğŸ˜­ğŸ˜­,0,2024-11-03T13:26:32Z
@andicaanchidin,Love you guysâ¤,0,2024-11-03T12:09:31Z
@Toxicmiyimtabiki4,AGAGAGAGAGGAGA,1,2024-11-02T19:45:44Z
@Straykidznumber1,Im FiVeğŸ¤ªğŸ¤ª,0,2024-11-02T17:33:30Z
@davinale2150,dad and youngest kid be like:,0,2024-11-02T16:31:06Z
@linaoskz,I LOVE THEM,0,2024-11-02T15:00:54Z
@TokkiRacha,The leader and the maknae ğŸ˜‚,0,2024-11-02T13:35:56Z
@í—ˆí—£-m6j,ì •ì¸ì´ë‘ ì°¬ì´ ê·€ì—½ë‹¹â¤,0,2024-11-02T10:52:45Z
@NICHIMURA_NIKI,IN is the cutest fox ğŸ¦Š who agrees â¤â¤â¤,0,2024-11-02T10:22:31Z
@ĞĞ»ĞµÑÑĞœĞ°Ñ€Ğ¸,"ĞœĞ°ĞºĞ½Ğµ Ğ´Ğ¾Ğ³Ğ½Ğ°Ğ» Ğ¿Ğ°Ğ¿ĞºÑƒ ğŸ˜Š, Ğ¿ĞµÑ€ĞµÑ€Ğ°ÑÑ‚Ñ‘Ñ‚ ĞµÑ‰Ñ‘",0,2024-11-02T08:37:32Z
@saraorellanoferrer2456,me regalan a Channie para casarme con el?,0,2024-11-02T02:25:19Z
@RobsonErlacherribeiro,ğŸºâ¤ğŸ¦Šâ¤,0,2024-11-01T23:50:29Z
@Imthatgirl000,âœ¨ğ’œğ“Œ ğ“‰ğ’½â„¯ ğ“Œğ’¶ğ“ ğ’¸ğ’½ğ’¶ğ“ƒ ğ’¸ğ’½ğ’¶ğ“ˆâ„¯ğ’¹ ğ’¾.ğ“ƒ â„ğ“‰ ğ“Œğ’¶ğ“ˆ ğ“ˆğ’¾ ğ’¸ğ“Šğ“‰â„¯ ğ’¾ğ“‚ ğ’¶ğ“ğ“Œğ’¶ğ“ğ“ˆ â„Šâ„´ğ“ƒğ“ƒğ’¶ ğ’·â„¯ ğ’¶ ğ“ˆğ“‰ğ’¶ğ“âœ¨,0,2024-11-01T21:34:21Z
@i.n143-q8g,It's always the daddy chasing I.n,0,2024-11-01T12:23:03Z
@teimurazsaltxucishvili300,I dieğŸ˜¢ is so cuttee,0,2024-11-01T08:00:20Z
@petrakovacs-moricz698,ì‚¬ë‘í•´ ì–˜ë“¤ì•„ ë‚´ ë‘ ëª…ì˜ ë°”ì´ì–´ìŠ¤ê°€ ì¶¤ì¶”ê³  ìˆì–´ ë„ˆë¬´ ê·€ì—¬ì›Œ ğŸ¤—ğŸ¤—,0,2024-11-01T07:27:48Z
@ferily-wk7kc,"EL MACKNAE SE VE TAN HERMOSO DIOS MÃO, MI CORAZÃ“N NO PUEDE CON TANTA BELLEZA ğŸ˜ğŸ˜ğŸ˜â¤ï¸â€ğŸ”¥â¤ï¸â€ğŸ”¥â¤ï¸â€ğŸ”¥
CHAN ES TAN TIERNO, LO ADORO â¤â¤â¤",0,2024-10-31T20:01:58Z
@krishnachowdhury-s5d,Love too video,0,2024-10-31T18:34:50Z
@Jinnie_yeah,ë„ˆë¬´ ê·€ì—¬ì›Œìš” ğŸ¤,0,2024-10-31T14:12:14Z
@ut_skzstay,i love this duo sm. the way I. N just ran away before chan could was so funny,0,2024-10-31T13:33:12Z
@BTSKookie_Offical4137,I. N your so cuteâ¤â¤â¤â¤your my bias but do r u Chris,0,2024-10-31T10:10:53Z
@gamingengineerfan,They really chase each other ğŸ˜‚,0,2024-10-30T19:20:59Z
@jaisonstahnke2286,BANCHAN I LOVE YOUUU,0,2024-10-30T17:19:13Z
@RRLL11435,l Love you â¤â¤,0,2024-10-30T09:06:30Z
@titlymukherjee5699,Aww how cuteğŸ˜,0,2024-10-30T07:50:14Z
@stephaniegriffin9148,Me when I see yallğŸ˜®ğŸ˜®ğŸ˜®,0,2024-10-29T22:46:14Z
@FabianaCamiloSimÃ£oSimÃ£o,Love Love Love Love Love Love Love,0,2024-10-29T18:36:27Z
@ĞĞ°ÑĞ¸ÑÑ‚Ğ‘Ğ°Ğ³Ğ°Ğ½Ğ´Ğ¾Ğ²Ğ°-Ñ7Ğ¶,â¤â¤â¤â¤â¤â¤â¤â¤,0,2024-10-29T16:59:40Z
@stanehnasunoo,Jeongin my love â¤â¤â¤ğŸ˜®,1,2024-10-29T16:24:24Z
@Parksumina,Cute â¤â¤â¤,0,2024-10-29T15:32:57Z
@Minho_shi,The most oldest and the most youngest hahahhahahahhahahah,0,2024-10-29T15:07:33Z
@Stray_kids-y8s,â¤ï¸â€ğŸ”¥â¤ï¸â€ğŸ”¥â¤ï¸â€ğŸ”¥â¤â¤,0,2024-10-29T12:08:05Z
@hanji-b9t,â¤,0,2024-10-29T06:46:45Z
@nana67-i8v,I.N and bang chanğŸ˜­ğŸ¤âœ¨,0,2024-10-29T06:27:05Z
@johanaraigoza8513,â¤ğŸ˜‚ğŸ˜‚â¤â¤â¤â¤â¤,0,2024-10-29T01:03:24Z
@DanteDavids-z6k,BangChan looking at I.N is just cuteâ¤ğŸ˜Š,0,2024-10-27T17:28:54Z
@JEONGÄ°N4YOU,"OH, YOUR JEONGIN SMILE IS SO BEAUTIFUL I LOVE YOU â­âœ¨",0,2024-10-27T09:55:17Z
@ì½©ë–¡-n2h,â¤â¤â¤,1,2024-10-26T23:41:39Z
@Jensyeathelpiez,So cuteeeğŸ˜­ğŸ˜»ğŸ¥ºğŸ’–,1,2024-10-26T10:07:57Z
@aracelyjesuscetinacime6479,â¤â¤â¤â¤â¤â¤â¤â¤â¤â¤â¤â¤â¤â¤â¤â¤â¤â¤â¤â¤â¤â¤â¤â¤â¤â¤â¤â¤,0,2024-10-25T21:22:39Z
@Asyossbabapiroo,The oldest and youngest haha,0,2024-10-25T19:58:05Z
@Nayeon-f4b,I.N dancing to the song he supposedly thinks has no meaning. I'm watching you little fox,0,2024-10-25T19:30:52Z
@v.pummer5143,I'm gonna go learn this dance nowğŸ˜‚ğŸ˜‚,0,2024-10-24T19:14:34Z
@ZÃ¼hriyeKarakaruk,The youngest and oldest a beautiful duoâ¤ï¸,0,2024-10-24T17:50:58Z
@mijam7737,Ğ ÑƒÑÑĞºĞ¸Ğµ ÑÑ‚ĞµĞ¹ Ğ¾Ñ‚Ğ·Ğ¾Ğ²Ğ¸Ñ‚ĞµÑÑŒ! ğŸ˜¢ğŸ˜¢ğŸ˜¢ğŸ˜¢,0,2024-10-23T14:11:13Z
@I_LOVE_K-POP-5,ĞŸĞ°Ğ¿Ğ° Ñ‡Ğ°Ğ½ Ğ¸ Ğ¼Ğ°Ğ»Ñ‹Ñˆ Ñ‡Ğ¾Ğ½Ğ¸Ğ½â¤â¤â¤,1,2024-10-23T13:40:46Z
@Hwang_Family04Ã¼0i0,ë°©ì°¬ì´ë‘ ì •ì¸ì´í•œí…Œ ì¸ì‚¬í•´ ë„ˆ ì™œ ì´ë ‡ê²Œ ê·€ì—¬ì›Œ?,3,2024-10-23T13:17:30Z
@elviraandrade7050,The tow of them rock,0,2024-10-22T21:46:52Z
@DerinKaya-dm9qw,Wow my bias is I.N aaaaaaaağŸ¦Šâ¤ï¸,0,2024-10-22T19:20:12Z
@DennyPlutniok,â¤â¤â¤â¤â¤â¤,0,2024-10-22T09:36:22Z
@LisetteOcasio-jh7dp,My husband Channie ğŸ¥µ,0,2024-10-22T04:56:44Z
@brieannpeterson4438,The maknae and the leaderğŸ¤ğŸ©µbeautiful combination ğŸ©·ğŸ©·ğŸ©·. But the way Bangchan chased Jeogin in the end was beautiful!!!â˜ºï¸,90,2024-10-22T02:39:49Z
@user-nm1pt5ld4p,It's Chan and his babyâ¤â¤â¤â¤ğŸ˜Š,0,2024-10-21T15:28:18Z
@SofiaSTAY-q6j,ğŸºâ¤ğŸ˜‚,0,2024-10-21T12:12:24Z
@HanjisAmericanoWithStraw,THE CAPTIONğŸ˜­,0,2024-10-21T06:51:31Z
@rutmak,ğŸ˜‚ğŸ˜‚ğŸ˜‚ğŸ˜‚â¤â¤â¤â¤,0,2024-10-20T19:27:19Z
@dramaqueenRachan,Bangchanâ¤â¤â¤,0,2024-10-20T18:45:19Z
@themaskingdark,â¤â¤,0,2024-10-20T14:46:48Z
@userwwww956,My friend is like in bang chan is like obsessed with him,0,2024-10-20T13:32:00Z
@Akkik-f8n,"How many times have you watched this 
Me: YES",0,2024-10-20T12:16:01Z
@Nickk_quirino,"My Bias and my Uttâ¤â¤
Bias_I.N        Utt_Chan",0,2024-10-20T01:43:11Z
@nicolekucinski6056,My foxy,0,2024-10-19T19:42:24Z
@kpopkurdishlivan123,My crush I.n i want uğŸ˜…â¤,0,2024-10-19T15:42:59Z
@diannegarcia895,Omg they are so cuteâ¤â¤â¤â¤â¤â¤,0,2024-10-19T00:57:52Z
@ReginaMontaÃ±ezpadron,I.N and Banchang so cute,0,2024-10-19T00:48:58Z
@andreadejesusos5900,MY TWO BIASES ARE SO CUTE I LOVE YOU SO MUCH LOVE FOR YOU IS THAT I'M STILL ALIVE I LOVE YOU ğŸ’—ğŸ˜­ğŸ˜­ğŸ˜­ğŸ˜­ğŸ˜­ğŸ˜­ğŸ˜­ğŸ˜­ğŸ˜­ğŸ˜­ğŸ’—ğŸ’—ğŸ’—ğŸ’—,0,2024-10-18T23:52:26Z
@fatifati9884,The maknae and hyung are so cute,1,2024-10-18T22:13:24Z
@ZeynepEkinci-ng6ej,ğŸ˜ŠğŸ˜ŠğŸ˜ŠğŸ˜ŠğŸ˜ŠğŸ˜ŠğŸ˜ŠğŸ˜ŠğŸ˜ŠğŸ˜ŠğŸ˜ŠğŸ˜ŠAÅŸko ğŸ˜ŠğŸ˜Š,0,2024-10-18T19:10:36Z
@Lily-k6m,Cops and robbers chase each other full of energy â¤ğŸ˜‚,0,2024-10-18T19:01:36Z
@Doll_Heartz,Oldest and youngest duo â¤,0,2024-10-18T18:52:14Z
@Myfavoritenara,How cute ğŸ˜,0,2024-10-18T18:35:50Z
@nusheejabinthsaid,Oldest + Youngest,0,2024-10-18T14:45:47Z
@I.got.the.imposter.,The the fox and the wolf ( I think???) tbh I am thinking why did I.N run ???,1,2024-10-17T22:01:39Z
@erasmocastillo2425,I LOVE STRAY KIDS â¤â¤,0,2024-10-17T21:38:12Z
@Ø²ÙŠÙ†Ø¨Ø¬Ø¨Ø§Ø±ÙŠ-Ø±3Ùˆ,Ø§Ù†ØªÙ… Ø­ÙŠØ§ØªÙŠ ğŸ‡®ğŸ‡¶ğŸ˜Š,0,2024-10-17T16:53:37Z
@aizar8681,The adorable Minsung duoooâ¤â¤â¤â¤,0,2024-10-17T10:42:25Z
@ZakiyaUlfat,The eldest and the youngest â¤,0,2024-10-17T07:40:36Z
@kazirume1713,My heartu beatu is getting deluluğŸ˜­ğŸ˜­,1,2024-10-17T06:25:54Z
@FamilyTT-rh9wo,I love â¤â¤â¤â¤,0,2024-10-17T00:29:33Z
@Peyton-r4q,I love yall,1,2024-10-17T00:05:25Z
@Yunchajin,I.N looks so done,0,2024-10-16T23:34:28Z
@BerniceWu-xk6sz,Our Maknae line,1,2024-10-16T22:18:07Z
@Ksy_kpop,"Ğ˜ Ğ¥Ğ›Ğ•Ğ‘Ğ£Ğ¨Ğ•Ğš Ğ•Ğ©Ğ Ğ“ĞĞ’ĞĞ Ğ˜Ğ¢, Ğ§Ğ¢Ğ ĞĞ ĞŸĞ›ĞĞ¥ Ğ’ Ğ¢ĞĞĞ¦ĞĞ¥????? Ğ­Ñ‚Ğ¾ ÑˆĞ¸ĞºĞ°Ñ€Ğ½Ğ¾â¤â¤â¤â¤",1,2024-10-16T20:11:19Z
@MahrukhMansoor,father and son duo,0,2024-10-16T16:01:33Z
@djaryat,Maknae and Madnae â¤ï¸â¤ï¸â¤ï¸,0,2024-10-16T15:43:33Z
@JuliaM-sv6fk,â¤ğŸ˜‚ğŸ˜Š,0,2024-10-16T10:13:42Z
@nurayusifli1989,â¤â¤â¤â¤,0,2024-10-15T17:48:13Z
@maricarmencarmona2565,I. N so cute â¤â¤â¤ğŸ˜Š,0,2024-10-15T13:36:19Z
@RaulinaVillalonadejesus,AiloviuFelix,0,2024-10-15T11:55:24Z
@vitoriajovem,"NÃ£o corre innie, o velho nÃ£o Ã© rÃ¡pido ğŸ˜¢",0,2024-10-15T10:40:40Z
@Jyunlix,ĞĞ³Ğ¾ ÑĞ°Ğ¼Ñ‹Ğ¹ ÑÑ‚Ğ°Ñ€ÑˆÑ‹Ğ¹ Ğ¸ ÑĞ°Ğ¼Ñ‹Ğ¹ Ğ¼Ğ»Ğ°Ñ‚ÑˆÑ‹Ğ¹,0,2024-10-15T01:43:00Z
@Joly_5,Jeongin remember STOP STICKING OUT YOUR TONGUE!!(im obsessed with him sticking out his tongue)ğŸ˜ğŸ‘ŒğŸ»,0,2024-10-14T21:41:44Z
@Khadi_1414,"Let's go, Choning))",0,2024-10-14T20:16:54Z
@josealfredogonzalezortega584,Hay FÃ©lix siempre serÃ¡s mi fannnnn favorito â¤ï¸â¤ï¸â¤ï¸,0,2024-10-14T19:17:18Z
@AarohiBogati-y9p,Baby bread getting chased by wolfğŸ˜Šâ¤,0,2024-10-14T17:16:22Z
@hyunjinslaststrandofhair,awwwwww,0,2024-10-14T16:11:41Z
@Chubbychic11,Look ! A wolf is running behind a fox!,0,2024-10-14T08:54:06Z
@Liana-0411,JEONGIN AND CHRIS WERE STANDING SO STILL AT THE START THAT I THOUGHT MY SCREEN WAS FROZEN LOL,0,2024-10-14T06:44:11Z
@skzslays100,cops and robbers chase each other full of energyyyyy!!!,0,2024-10-14T01:04:58Z
@apomhoad,Ù‡Ù„ ÙŠÙˆØ¬Ø¯ Ø¹Ø±Ø¨ÙŠÙ† Ù‡ÙˆÙ†Ø§â¤ğŸ˜‚,0,2024-10-13T21:31:57Z
@Skzfan_stay143-b7t,Jeonchan,0,2024-10-13T18:43:18Z
@MahdiyaNoor-ly4uk,"I.N is so cute in the beginning â¤â¤â¤â¤â¤
Maknae and hyung are so adorable ğŸ¥°. Love you sm ğŸ’“",1,2024-10-13T18:40:37Z
@eevi5122,U are adults,0,2024-10-13T18:11:31Z
@rosiximenes893,Esses dois sÃ£o lindos!!,0,2024-10-13T18:08:53Z
@simonadesimone7922,Ohhhhh i like I.N.â¤â¤,0,2024-10-13T17:18:48Z
@Kawkw_lovers,babychan so cuteeeeeee,0,2024-10-13T16:34:38Z
@Jiminzot7,ğŸƒğŸ»â€â™‚ï¸    ğŸƒğŸ»,0,2024-10-13T13:30:51Z
@Bangchanismine4ever,Bangchang is like a dad chasing his sonğŸ˜‚,0,2024-10-13T13:07:44Z
@LenaGok-ed2fz,ğŸ¥–ğŸ¥–ğŸ¥–ğŸ¥–ğŸ¥–ğŸ¥–ğŸ¥–ğŸ¥–ğŸ¥–ğŸ¥–ğŸ¥–ğŸ¥–ğŸ¥–ğŸ˜‚,0,2024-10-13T11:35:54Z
@Unkown_userrr15,If i was in I would have been dead by now,0,2024-10-13T10:58:51Z
@MitrabajoAtt,Ya no ya estuvo bueno ya ya ya ya ya ya ya ya ya ya subo estÃ¡n preciosa,0,2024-10-13T10:16:42Z
@janetvillavicencio2061,Omg Channn ğŸ˜‚â¤â¤â¤â¤â¤,0,2024-10-13T08:45:56Z
@Chloedailyroutine,54 and a 23 year old person dancing with each other makes my heart melt,0,2024-10-13T07:10:05Z
@Bellinghamloverr,Grandfather and baby breadd,0,2024-10-13T06:54:53Z
@Ğ‘Ğ¾Ğ±Ğ¾ĞµĞ²Ğ°ĞœĞ°Ğ²Ğ»ÑĞ´Ğ°,Ğ§Ğ°Ğ½ Ğ”Ğ•Ğ Ğ–Ğ˜ Ğ•Ğ“Ğ ĞĞ Ğ£Ğ‘Ğ•Ğ“ĞĞ•Ğ¢,0,2024-10-13T06:08:31Z
@HeloÃ­saMorais-k5j,Skzoo â¤ğŸ‰ğŸ¦ğŸ¦Š,0,2024-10-12T18:13:46Z
@1111-ym1sl,I.N Ğ²Ñ‹ÑˆĞµ Ğ‘Ğ°Ğ½ Ñ‡Ğ°Ğ½Ğ° ğŸ¤­ğŸ¤­ğŸ¤­ğŸ¤­ğŸ¤—â¤,0,2024-10-12T17:38:09Z
@ariyzoe24,Beeeeeen puerto rico ğŸ˜…ğŸ˜…ğŸ˜…ğŸ˜…ğŸ˜…ğŸ˜…ğŸ˜…ğŸ˜…,0,2024-10-12T15:34:50Z
@MoDi80,CUTENESS OVERLOADğŸ€ğŸ€ğŸ€ğŸ˜­ğŸ˜­ğŸ˜­,1,2024-10-12T13:56:43Z
@S_t_A_y66667,Chonin'S HANDS <3â¤,2,2024-10-12T11:49:36Z
@ErionDodoveci,They are so cute,1,2024-10-12T10:00:22Z
@dikshyadhakal1670,What can I say.â¤â¤ğŸ˜‚ğŸ˜‚ğŸ‰ğŸ˜®ğŸ˜®ğŸ˜…ğŸ˜…ğŸ˜Š,1,2024-10-12T06:01:26Z
@Aesthetic22133,bangchan is always watching EVEN IN THE WOODS!!! be aware!!! ğŸ¦…ğŸ¦…ğŸ¦…ğŸ¤­ğŸ¤­ğŸ¤­âœ¨âœ¨,1,2024-10-12T03:27:38Z
@sphukan11_11,Theyâ€™re so adorable!,0,2024-10-12T01:33:48Z
@yangmin-zf8wd,my fave duoâ¤â¤,0,2024-10-12T00:55:23Z
@I_strawberry_milk,Yasssssssssssssssssssssssssssssssâ¤â¤â¤â¤â¤â¤â¤â¤â¤â¤â¤,0,2024-10-11T22:15:33Z
@straykids_143_i_luv_u,its,0,2024-10-11T21:53:30Z
@I.N4lifeeee,The Youngest child and the mom's relationship is so cute ğŸ¥°ğŸ¥°ğŸ¥º,0,2024-10-11T20:03:30Z
@Edits_dehyunjin,The little smile Of jeongin's,0,2024-10-11T14:22:57Z
@samuellevisthechterms7979,Why does in look short,0,2024-10-11T13:29:06Z
@natalie_STAY_MONSTIEZ_DIVE,I.N at then end: okay bye now Chan: HEYY WAIT WHAT ABOUT MY HUGS?!ğŸ˜‚ğŸ˜‚ğŸ˜‚,0,2024-10-11T13:10:11Z
@ë€¨ë€¨ê¹Œê¹Œ_ì„œì•„,ì™œ ì´ì—”ì´ê°€ ë” ê±°ëŒ€í•œê²ƒ ê°™ì§€?,3,2024-10-11T09:33:19Z
@uzayliyimgaliba,Dedosla tilkos,0,2024-10-11T08:31:01Z
@blah_queen2773,chans smile>>>>>>,0,2024-10-11T06:58:26Z
@nurmuhammadeshqulov2556,Ğ”ĞµĞ´ Ğ¸ Ğ¼Ğ°Ğ»Ñ‹ÑˆğŸ˜‚ğŸ˜‚ğŸ˜‚â¤â¤â¤,0,2024-10-11T06:23:11Z
@ritikaandananya9529,ğğ¡ğ¢ğ¥ğ¨ğ¬ğ¨ğ©ğ¡ğ² ğ¨ğŸ ğ¦ğšğ¤ğ§ğšğ ğšğ§ğ ğ¨ğ¥ğğğ¬ğ­ ğ¦ğğ¦ğ›ğğ« ğ›ğ­ğ° ğ«ğ¢ğ© ğğ§ğ ğ¥ğ¢ğ¬ğ¡ ğŸ˜‚,1,2024-10-11T05:16:35Z
@jilix143,â¤â¤â¤,0,2024-10-11T00:35:34Z
@ramone.espadagonzalez8916,Rip I.N oreo hair,0,2024-10-10T21:28:10Z
@QadirToreev,Ğ¯ Ñ‚ĞµĞ±Ñ Ğ»ÑĞ±Ğ»Ñ  Ğ¾Ñ‡ĞµĞ½ÑŒ ÑĞ¸Ğ»ÑŒĞ½Ğ¾ Ñ‚ĞµĞ±Ñ  ÑĞ¸Ñ€Ğ°Ğ¹ ĞšĞ¸Ğ´Ñ,0,2024-10-10T16:17:43Z
@Xan_die.,Omg intern and director ex couple!! (Skz megaverse's),0,2024-10-10T16:03:41Z
@Ouly_hyunjin,Good jobâ¤ğŸ‰,0,2024-10-10T09:52:37Z
@joahuasemple-zo4sj,Pov: Me peacefully practically stalking stray kids and ignoring the fact my life is falling apart .ğŸ˜ŒğŸ˜,0,2024-10-10T01:13:52Z
@AnniaCandia,â¤â¤â¤â¤â¤â¤,0,2024-10-09T21:41:46Z
@ggrasielasantos12santos88,"I.n and Bangchan,so beautifulğŸºğŸ¦ŠğŸ©¶ğŸ§¡",0,2024-10-09T19:04:03Z
@Jasminemasika-t9h,Broo I am going to cry ğŸ˜‚â¤,0,2024-10-09T18:29:26Z
@êµ¬ì˜ì• -o2e,"ë°©ì°¬â¤â¤â¤â¤â¤â¤â¤â¤â¤â¤â¤â¤â¤â¤â¤â¤â¤
ğŸ‰â¤â¤â¤â¤â¤â¤â¤â¤â¤â¤â¤â¤â¤â¤â¤â¤â¤â¤â¤â¤â¤â¤â¤â¤â¤â¤â¤ğŸ’–ğŸ’–ğŸ’–ğŸ’–ğŸ’–ğŸ’–ğŸ’–ğŸ’–ğŸ’–ğŸ’–ğŸ’–ğŸ’–ğŸ’–ğŸ˜ŠğŸ˜â¤ï¸â¤ï¸â¤ï¸â¤ï¸â¤ï¸â¤â¤â¤â¤â¤â¤â¤â¤â¤â¤â¤",0,2024-10-09T01:13:46Z
@AlexaJimenez-k7y,OMGGGGGG,0,2024-10-08T23:14:07Z
@Sumi-chan_13,AwwwwğŸ’“ğŸ’—,0,2024-10-08T19:12:50Z
@raziafez5017,Bang chan is like I am going to be your wife ğŸ˜‚ğŸ˜‚ğŸ˜‚,1,2024-10-08T14:46:35Z
@FatimeHesenova-kf4gx,Crish and jeongin so cute i love you,0,2024-10-08T06:37:02Z
@MarildaSalomÃ£o-s2g,ADORO ESTAS DANCINHAS!!!! ğŸ˜„ğŸ˜„ğŸ˜„ğŸ’™ğŸ’™ğŸ’™,0,2024-10-08T04:36:38Z
@user-lulu1904,é‡‘é¢å“¦ä½ æ»šè€Œæ˜¯ ç‰¹æŒ‰æ‘©æœ‰å¸®äº§ä»–ä»¬åˆ«æ‰­ç‰¹æŒ‰æ‘©å’¯æ˜¯çš„æ¬§å¼æ˜¯å“¦ä½ ç§˜ä¹¦å½¼å²¸æ˜¯â¤,0,2024-10-08T02:57:07Z
@Slaygirl.lilyrosie,ğŸ˜‚,0,2024-10-08T00:35:55Z
@Zoey-k8u,Our old man and baby bread â¤â¤â¤ so wonderful,0,2024-10-07T21:44:00Z
@violethehe3941,"I.N knew it was not going to end well ğŸ˜‚ğŸ˜‚
Bangchan looks like he just turned 20 so cuteeeeeğŸ˜â¤â¤â¤",0,2024-10-07T19:19:32Z
@aikeshablairrondina5222,ğŸ˜­è˜cã†ã¦ã€ä¼ŠLoveã„t,0,2024-10-07T17:41:44Z
@NayaniSewwandi-er8wf,Bang chan i like youâ¤â¤â¤â¤ BABEEE,0,2024-10-07T16:27:44Z
@mmiisaee,The maknae and the oldest hyung together together >>>>> â™¡â™¡â™¡â™¡,1,2024-10-07T15:58:06Z
@chipilove-uv8wh,Ay Bangchanâ¤â¤â¤â¤â¤â¤â¤â¤,0,2024-10-07T15:34:39Z
@Jenniemwii,Makne VS grandfather,0,2024-10-07T14:46:32Z
@zeynepyilmaz-o6r,inniee,1,2024-10-07T14:32:04Z
@mochixxboba,I LOVE YOU GUYSâ¤â¤â¤â¤,0,2024-10-07T12:52:40Z
@predatorenjoy,ã•ã™ãŒğŸ‘ç‹¼ã ã­ï¼ï¼ï¼ï¼ã“ã‚Œã‚’è¦‹ã¦æ€ã£ãŸã‚ˆ(ãƒãƒ³ã¡ã‚ƒã‚“),0,2024-10-07T09:09:15Z
@Robloxmind-g,"Aww the little run at the end got my own hart say ""cute""",0,2024-10-07T04:14:32Z
@lany_ko,"Ğ­Ñ‚Ğ¾Ñ‚ Ñ‚Ñ€ĞµĞ½Ğ´ Ğ½Ğ°ÑÑ‚Ğ¾Ğ»ÑŒĞºĞ¾ Ğ»ĞµĞ³ĞºĞ¸Ğ¹, Ñ‡Ñ‚Ğ¾ Ğ´Ğ°Ğ¶Ğµ Ğ½Ğµ Ğ²ĞµÑ€Ğ¸Ñ‚ÑÑğŸ«£",0,2024-10-07T01:18:02Z
@neidefatimadossantos2849,NÃ£o tÃ¡ escrito o quanto eu amo eles dois â¤ ğŸ˜Š,0,2024-10-06T23:50:27Z
@RosangelamariadeOliveira-l6d,Bang chan. I.n cutes,0,2024-10-06T17:56:59Z
@Frida_Jamsson,"Wait, I thought Bang Chan was the oldest and I.N. was the maknae...ğŸ˜‚",1,2024-10-06T16:06:05Z
@denareynolds8095,I.N. was like I'm the Gingerbread man...Catch me if you can! ğŸ˜‚ğŸ˜‚,0,2024-10-06T15:46:31Z
@Ariella_Plays-k8k,The best oldest and youngest duo x,0,2024-10-06T12:49:11Z
@SalinaParvin-z3n,I like it â¤â¤,0,2024-10-06T09:37:20Z
@PerlaKakoun-pr1hj,Should we save I.N Orr...,0,2024-10-06T09:20:08Z
@kevingallo2542,Oh so cuteeeeee ğŸ˜Š,0,2024-10-06T09:03:47Z
@khwanchoksakul5071,Chan is it really that cold???ğŸ˜‚â¤,1,2024-10-06T07:17:13Z
@Reo_EGAO,è¦ªå­ã‹ å¯æ„›ã™ã,0,2024-10-06T05:16:46Z
@annieu6344,So cute Maknae and leader so cuteeeâ¤â¤,0,2024-10-06T03:17:25Z
@reijus_alt,Oldest and youngest duo â¤â¤â¤,0,2024-10-05T21:39:50Z
@dimitrapanagopoulou-v2j,Will you marry me ğŸ’“ğŸ˜,0,2024-10-05T19:33:35Z
@Tamari335,i love themâ¤â¤â¤â¤â¤,0,2024-10-05T18:14:29Z
@VitoriaHellena-gb4wx,Me love ğŸ‰â¤â¤â¤,0,2024-10-05T13:44:45Z
@malvinalorenavelasquez7520,Bang chan me robÃ³ el corazÃ³n â¤es extremadamente hermosoooooo ğŸ˜lo amo ğŸ’•ğŸ’—ğŸ’˜,0,2024-10-05T04:58:16Z
@aqua2767,Chris is eating the MaknaeğŸ˜­ğŸ˜­ğŸ˜­ğŸ˜­,1,2024-10-05T02:50:44Z
@annalisemartinez2353,Best song ever,0,2024-10-05T02:35:05Z
@AlexandraMejia-uf5mc,ME ENCANTA LA MANERA EN QUE CHAN MIRO AL PRINCIPIO A INNIE Y COMO LO PERSIGUIÃ“ EN EL FINALğŸ˜­ğŸ˜­ğŸ’—,0,2024-10-04T23:53:48Z
@anamaciel6046,ğŸ˜ğŸ˜ğŸ˜ğŸ˜ğŸ˜ğŸ˜ğŸ˜ğŸ˜ğŸ˜ğŸ˜ğŸ˜ğŸ˜ğŸ˜ğŸ˜ğŸ˜ğŸ˜â¤ï¸â¤ï¸â¤ï¸â¤ï¸â¤ï¸â¤ï¸â¤ï¸â¤ï¸â¤ï¸â¤ï¸â¤ï¸â¤ï¸â¤ï¸â¤ï¸â¤ï¸,1,2024-10-04T18:23:26Z
@Ø®Ø§Ù„Ø¯Ø§Ù„Ø¹Ø¯ÙŠÙ†ÙŠ-Ø±7Ø¹,"â¤â¤Wow, they look cute",0,2024-10-04T14:53:49Z
@EvaMoon-s8b,If Bang Chan chased him for the ending dance I do it too it's not that bad,0,2024-10-03T20:20:20Z
@StudyWith_Eda,HAPPY BÄ°RTHDAY BANGCHANNâ¤,0,2024-10-03T17:43:22Z
@Hamaralyna,â¤â¤â¤,0,2024-10-03T15:39:38Z
@JennieUnnie1256,ì‚¬ë‘í•´ìš” ìŠ¤íŠ¸ë ˆì´ í‚¤ì¦ˆ â¤â¤,0,2024-10-03T14:34:40Z
@Mahdiehskz,ğŸ˜Š,0,2024-10-03T07:30:32Z
@AdityaRoy-j1n,Why does Chan look like a 5 year old kid admiring his older brother?? ğŸ˜‚ğŸ˜‚,0,2024-10-03T05:39:50Z
@A_e_r_y_t_h,HAPPY BIRTHDAY BANGCHAN âœ¨ğŸ’“,0,2024-10-03T04:56:32Z
@KapandÄ±-leebit,"HAPPYBÄ°RTHDAY BANGCHAN 
HAPPY NEW YEARğŸºğŸŒŸ",1,2024-10-03T04:55:11Z
@katherinerubio3684,WowğŸ˜®,0,2024-10-03T01:29:32Z
@priara88,Esas piernas mi seÃ±or CHAN â¤â¤â¤,0,2024-10-02T23:29:06Z
@manjitkaur2172,Ban chan vs the I.n youngest vs oldest lolğŸ˜…ğŸ˜…,1,2024-10-02T20:02:44Z
@ChrisBang-yz9ce,HAPPY BIRTHDAY CHANNNâ¤,0,2024-10-02T17:25:07Z
@roaamahmoud6807,Seungmin and bangchan are wearing the same shoes,0,2024-10-02T16:45:48Z
@CasualVibes_13,Happy Birthday Bang ChanğŸ‰ I Wish you are life full of joy and health. Stay happy and always keep shiningğŸ’«â¤ï¸,0,2024-10-02T15:11:27Z
@HeavenlyHeav-HJT,So No one Gonna Talk about the awkward stare at the beginning??,0,2024-10-02T11:15:34Z
@LondynGorman,THE WAY BANGCHAN ALMOST TRIPPED ğŸ˜‚ğŸ˜‚,0,2024-10-02T02:10:32Z
@NURHAYATI-tn2sl,(......),0,2024-10-02T01:41:55Z
@rihabmoha,ì‚¬ë‘í•´ìš” ìŠ¤íŠ¸ë ˆì´ í‚¤ì¦ˆ. ì´ì•ˆì€ ê²°êµ­ ë°©ì°¬ì—ê²Œì„œ ë„ë§ì³ìš”. í•˜í•˜í•˜í•˜ğŸ˜‚ğŸ˜‚ğŸ˜‚ğŸ˜‚ğŸ˜‚ğŸ˜‚ ì•Œì œë¦¬ì—ì„œ ë”°ë¼ë‹¤ë‹ˆëŠ” ê·€ì—¬ìš´ ìŠ¤íŠ¸ë ˆì´ í‚¤ì¦ˆ. â¤â¤â¤Ø³ØªØ§ÙŠ Ø§Ù„Ù‰ Ø§Ù„Ø§Ø¨Ø¯,1,2024-10-01T17:17:05Z
@rihabmoha,â¤â¤â¤â¤â¤â¤â¤â¤ì‚¬ë‘í•´ìš” ìŠ¤íŠ¸ë ˆì´ í‚¤ì¦ˆ,1,2024-10-01T17:15:08Z
@LolisDelgado-wr9uj,St,0,2024-10-01T00:38:44Z
@karenpanti4866,Love,0,2024-09-30T18:55:27Z
@SamireSirinova-q9z,My farforiteâ¤â¤,0,2024-09-30T17:23:32Z
@isratjahanlaizu1506,My two bias,0,2024-09-30T16:45:19Z
@Ray-kiridinha,vcs vieram pra minha casa e eu nÃ£o sabia?,0,2024-09-30T14:49:10Z
@MuhammmadNadeem-f2w,"Felix, hjunjinâ¤ han, lee know â¤. Changbin ,seungingâ¤ lâ€¢n,bangâ¤ like please â¤â¤",0,2024-09-30T13:13:13Z
@Staay_143lav,Ğ¡Ñ€Ğ°Ğ·Ñƒ Ğ²Ğ¸Ğ´Ğ½Ğ¾ Ğ¿Ğ°Ğ¿Ğ¾Ñ‡ĞºĞ° â¤,0,2024-09-30T13:01:17Z
@Ham_Staa,Innie always finds a way to run away form channie,0,2024-09-30T08:40:44Z
@CarmineQuiÃ±onez,â¤â¤â¤â¤â¤â¤â¤â¤â¤â¤â¤â¤â¤,0,2024-09-30T03:43:25Z
@Mary0613sb,ì •ë§ ì•„ë¦„ë‹µìŠµë‹ˆë‹¤ â¤ï¸â¤ï¸,0,2024-09-29T16:53:23Z
@hawwahawwi8316,My 2 cuties â¤,1,2024-09-29T14:51:48Z
@shakirasaintumas4145,ğŸ˜Šâœ¨ï¸,0,2024-09-29T14:43:40Z
@priyanwickramanayake7781,Why is I.N always running and Bangchan is just chasing after him ğŸ˜…ğŸ˜‚,0,2024-09-29T12:53:28Z
@UupWw-q6q,The cute daddy,0,2024-09-29T12:51:24Z
@ckskejckakfncms6321,is so beautiful chan and inâ¤â¤â¤,0,2024-09-29T12:21:42Z
@abdullahAzeez-zx7xd,is so cute â¤â¤â¤â¤,0,2024-09-29T11:47:01Z
@aeri-z1l,no stop this is so cute â¤,0,2024-09-28T23:38:23Z
@OreoCookie-r2p,Youngest and oldest love duo,0,2024-09-28T23:23:04Z
@ì˜¤ì§Juliee,ë§‰ë‚´ë‘ ì–¸ë‹ˆ ë„ˆë¬´ ê·€ì—¬ì›Œ ë§™ì†Œì‚¬ğŸ˜­ğŸ˜­,0,2024-09-28T20:52:08Z
@mehsetiahmedova144,Ğ¢ĞµĞ¼ Ğ²Ñ€ĞµĞ¼ĞµĞ½ĞµĞ¼ Ğ¼ÑƒÑ€Ğ°Ğ²Ğ¸: ÑƒÑ€Ğ° ÑĞºĞ· Ñ Ğ±ÑƒĞ´Ñƒ ÑĞ°Ğ¼Ñ‹Ğ¼ Ğ¿Ğ¾Ğ¿ÑƒĞ»ÑÑ€Ğ½Ñ‹Ğ¼ğŸ˜‚ğŸ˜‚ğŸ˜‚ğŸ˜‚,0,2024-09-28T19:21:44Z
@alifa_li,"Ñ‡Ğ¾Ğ½Ğ¸Ğ½:Ğ¿Ğ¾ĞºĞ°
Ñ‡Ğ°Ğ½:Ñ Ñ‚Ñ‹ ĞºÑƒĞ´Ğ° Ñ Ñ Ñ‚Ğ¾Ğ±Ğ¾Ğ¹",0,2024-09-28T17:12:00Z
@MDMONIR-kh9gj,â¤â¤â¤ğŸ˜Š i.n,0,2024-09-28T17:10:11Z
@S.K.Z706,"Whenever they film Chan and I.N, I.N has to run away and Chan follows him",0,2024-09-28T16:15:44Z
@RihamZekhnini-ni3ex,Jâ€™aime trop la danse â¤,0,2024-09-28T13:56:51Z
@ĞĞ°Ñ‚Ğ°Ğ»ÑŒÑ-Ğ³3Ğ¿,"â¤ï¸Ğ Ñ I. N ÑˆĞ¸Ğ¿ĞµÑ€Ñ Ñ Ğ±Ğ°Ğ½ Ñ‡Ğ°Ğ½Ğ¾Ğ¼.... ĞĞµ ÑÑƒĞ´Ğ¸Ñ‚Ğµ ÑÑ‚Ñ€Ğ¾Ğ³Ğ¾

 ĞĞµ Ğ½Ñƒ ÑĞ¾Ğ³Ğ»Ğ°ÑĞ¸Ñ‚ĞµÑÑŒ Ğ¾Ğ½Ğ¸ ÑĞ¾Ğ·Ğ´Ğ°Ğ½Ñ‹ Ğ´Ğ»Ñ Ğ´Ñ€ÑƒĞ³ Ğ´Ñ€ÑƒĞ³Ğ°â¤ğŸ‰.. Ğ‘Ğ¾Ğ·Ğµ.... ĞĞ½Ğ¸ Ñ‚Ğ°ĞºĞ¸Ğµ Ğ¼Ğ¸Ğ»Ñ‹Ğµ ĞºĞ¾Ğ³Ğ´Ğ° Ğ²Ğ¼ĞµÑÑ‚Ğµ.. â¤",0,2024-09-28T11:25:46Z
@In-jb7oi,ĞĞ¹ĞµĞ½Ğ° Ğ²ÑĞµĞ³Ğ´Ğ° ÑƒĞ±ĞµĞ³Ğ°ĞµÑ‚ Ğ¾Ñ‚ Ğ§Ğ°Ğ½Ğ°,0,2024-09-28T07:52:15Z
@Kpop_lover.bts.skz.blackpink,Hyung line and maknae line â¤â¤â¤,4,2024-09-28T07:50:00Z
@Londonnnnnnn-mwah,I love your guys' cute dynamic ì •ì°¬â¤,0,2024-09-27T15:02:37Z
@AntonyRaj-mj7du,Maknae and hyung best dueâ¤,0,2024-09-27T14:47:51Z
@Ù…Ù„ÙƒØ§Ù„Ø¹Ø±Ø§Ù‚-Ù„3Øº,ğŸ‰â¤ğŸ¦Š&ğŸºâ¤ğŸ‰,0,2024-09-27T14:43:22Z
@brunoboudounet9489,I LOVE YOU â¤â¤â¤,0,2024-09-27T14:02:48Z
@beeshorts6336,Father and son,0,2024-09-27T09:25:14Z
@ju_trizzz,STAWP THEY ARE MY POOKIES,0,2024-09-27T08:11:40Z
@Lalhriatchhungi-qg9wc,i think i.n fits this song despite what he have said,0,2024-09-26T19:24:14Z
@Bertram-Winkle,"â€œwhy do you keep spacing out during school!?â€ 
my brain:",0,2024-09-26T16:29:52Z
@Zeynepmisimomg,UmarÄ±m met gala olayÄ±nÄ± Ã¶ÄŸrenince de bÃ¶yle tatlÄ±s olursun chan,0,2024-09-26T16:21:30Z
@Zeynepmisimomg,Dedos bebek ekmeÄŸi sal,0,2024-09-26T16:21:04Z
@DominickCayetano,DÃ­ganme la ubicaciÃ³n que voy directa por ellos ğŸ˜,0,2024-09-26T12:16:45Z
@Jiyafbh,The hyung and the maknae>>>,10,2024-09-26T11:42:51Z
@CinthiaGonzÃ¡lez-m9f,Por quÃ© no puedo ir a CoreağŸ˜­ğŸ˜­ğŸ˜­ğŸ˜­ğŸ¤­,0,2024-09-26T03:36:24Z
@Ğ¥Ğ°Ğ´Ğ¸Ğ¶Ğ°Ñ‚-Ğ¸8Ñ†,ĞĞµ ÑƒÑ…Ğ¾Ğ´Ğ¸Ñ‚Ğµ 2030 Ñ Ğ²Ğ°Ñ Ğ»ÑĞ±Ğ»Ñ ÑĞºĞ·,0,2024-09-25T19:13:36Z
@AndreaFerrer-h9h,ì‚¬ë‘í•´ ì°¬ìŠ¤â¤,0,2024-09-25T16:46:55Z
@YagmurDeku,Forever JEONGCHANNNâ¤â¤â¤â¤,0,2024-09-25T14:52:07Z
@Lino_1058,ÙƒÙÙˆÙˆ Ø³ÙƒÙŠØ²Ø²ğŸ‘ğŸ»ğŸ’ªğŸ»,0,2024-09-25T12:40:03Z
@Lino_1058,ÙˆØ§Ùˆ Ø§Ù„Ø¹Ø¬ÙˆØ² Ù…Ø¹ Ø§Ù„Ø¨Ø²Ø± ğŸ˜­âœ¨âœ¨,0,2024-09-25T12:39:09Z
@rnenterprise1117,Wow ğŸ¤©,0,2024-09-25T11:48:36Z
@yeji-c6t,Big Chan with Little Ian ğŸ˜­ğŸ˜­ğŸ˜­ğŸ€,0,2024-09-25T11:20:57Z
@ÎšÎ©Î£Î¤Î‘Î£-Î½3Î¶,Bang chan can you speek greek?,0,2024-09-25T10:28:31Z
@RMuchahary409,Oldest member and youngest member doing this dance together is so cuteâ™¡Ëšà¼˜,0,2024-09-25T07:09:47Z
@BusisiweThafu,"Bro hung and managed
I like it â¤â¤â¤ğŸ‰",0,2024-09-25T06:18:26Z
@Skz-21-v6m,Chan and I.n was so cute !!! â¤â¤,0,2024-09-25T03:00:21Z
@LizzyMateo-l3w,Are we not going to talk about every time I.N and Bangchan do a ticktock story the end I.N always runs away fromBangchanğŸ§ğŸ¤¨ğŸ¥¸,0,2024-09-25T02:36:30Z
@JikookIlove-,"Creo que se llama 
Bangchan y hyunjin,
Dan mucha vibra latina ğŸ˜…

(Disculpen si no lo escribÃ­ bien pero no me se bien sus nombres)",0,2024-09-24T21:42:37Z
@M.H_xx3,iâ€™m FOx,0,2024-09-24T17:07:45Z
@Engene-skzie,Aww their cuteness tho,0,2024-09-24T16:34:14Z
@a.lr81,Ø§Ù…ÙˆØª ÙÙŠÙƒÙ… ÙˆØ±Ø¹Ø§Ù†ÙŠÙŠ 8,0,2024-09-24T15:45:41Z
@Luna.almautiri,They are so cute JUST WHYYYğŸ˜­ğŸ˜­ğŸ˜­ğŸ˜­â€¼ï¸â€¼ï¸â€¼ï¸,0,2024-09-24T15:30:33Z
@ritisharidhi8011,"I.N BE LIKE: TRY AND CATCH ME !!!!!!!



INNIE I LOVE U <3",0,2024-09-24T10:52:21Z
@ThomasFamily-g4u,when bang chan had clinged to I.N is so cute!,0,2024-09-24T01:46:26Z
@Ğ¡Ğ°ÑˆĞ°-Ñƒ3Ñƒ,I love you. ğŸ˜˜,0,2024-09-24T00:19:21Z
@MEGUMI_ELI,"Bangchan tan lindo , y i.n trae mucho estilÃ³ por cierto Bangchan mi viejito fav.",0,2024-09-23T23:24:21Z
@renatapaes4134,ì´ë©”ì¼ ì¸ì¦ì´ë©”ì¼ ì¸ì¦,0,2024-09-23T20:24:09Z
@í¬ì”-7,Stray kids â¤â¤â¤ğŸ˜is the firstâ£â£â£â¤â¤â¤ğŸ’‹ğŸ˜ğŸ¥³ğŸ¥³,0,2024-09-23T17:26:24Z
@ytrylmz8592,STOPP WHY WAS THAT SO DAMN CUTE (im not a stay but i support them ),0,2024-09-23T12:17:32Z
@AydenWortman-pq6pk,"Stays: well they are just members, but I love how they care about each other when they were chasing each other",0,2024-09-23T11:16:14Z
@AydenWortman-pq6pk,"Stays: well they are just members, but I love how they care about each other when they were chasing each other",0,2024-09-23T11:16:07Z
@Jim_68-u1m,â¤ï¸ğŸºâ¤ï¸,0,2024-09-23T09:53:36Z
@Jim_68-u1m,â¤ğŸ¦Šâ¤ï¸,0,2024-09-23T09:53:30Z
@EmilyBrooklyn97,It's giving I got lost in a field but I dance away the fear and pain ğŸ˜‚ğŸ˜‚,0,2024-09-23T04:41:36Z
@sthefany-wi5,Bangchan and jeongin ğŸ˜Š,0,2024-09-22T21:30:39Z
@kaddison5003,Itâ€™s Chan almost falling,0,2024-09-22T20:10:46Z
@SalomGardiyon,I N    men seni sevaman â¤â¤â¤â¤â¤,0,2024-09-22T19:39:31Z
@LichinediaDosSantos,Meu utt e o bang chan,0,2024-09-22T16:56:08Z
@Hsksjskzjs920,TÃ¼rkiyeëŠ” ë‹¹ì‹ ì„ ë§¤ìš° ì‚¬ë‘í•©ë‹ˆë‹¤â¤â¤â¤â¤â¤â¤â¤â¤ğŸ‡¹ğŸ‡·ğŸ‡¹ğŸ‡·ğŸ‡¹ğŸ‡·ğŸ‡¹ğŸ‡·ğŸ‡¹ğŸ‡·ğŸ‡¹ğŸ‡·ğŸ‡¹ğŸ‡·ğŸ‡¹ğŸ‡·ğŸ‡¹ğŸ‡·ğŸ‡¹ğŸ‡·ğŸ‡¹ğŸ‡·ğŸ‡¹ğŸ‡·ğŸ‡¹ğŸ‡·ğŸ‡¹ğŸ‡·ğŸ‡¹ğŸ‡·ğŸ‡¹ğŸ‡·ğŸ‡¹ğŸ‡·ğŸ‡¹ğŸ‡·ğŸ‡¹ğŸ‡·ğŸ‡¹ğŸ‡·ğŸ‡¹ğŸ‡·ğŸ‡¹ğŸ‡·ğŸ‡¹ğŸ‡·ğŸ‡¹ğŸ‡·ğŸ‡¹ğŸ‡·ğŸ‡¹ğŸ‡·ğŸ‡¹ğŸ‡·ğŸ‡¹ğŸ‡·ğŸ‡¹ğŸ‡·ğŸ‡¹ğŸ‡·ğŸ‡¹ğŸ‡·ğŸ‡¹ğŸ‡·ğŸ‡¹ğŸ‡·ğŸ‡¹ğŸ‡·ğŸ‡¹ğŸ‡·ğŸ‡¹ğŸ‡·ğŸ‡¹ğŸ‡·ğŸ‡¹ğŸ‡·ğŸ‡¹ğŸ‡·ğŸ‡¹ğŸ‡·ğŸ‡¹ğŸ‡·ğŸ‡¹ğŸ‡·ğŸ‡¹ğŸ‡·ğŸ‡¹ğŸ‡·ğŸ‡¹ğŸ‡·ğŸ‡¹ğŸ‡·ğŸ‡¹ğŸ‡·ğŸ‡¹ğŸ‡·ğŸ‡¹ğŸ‡·ğŸ‡¹ğŸ‡·ğŸ‡¹ğŸ‡·ğŸ‡¹ğŸ‡·ğŸ‡¹ğŸ‡·ğŸ‡¹ğŸ‡·ğŸ‡¹ğŸ‡·ğŸ‡¹ğŸ‡·ğŸ‡¹ğŸ‡·ğŸ‡¹ğŸ‡·ğŸ‡¹ğŸ‡·ğŸ‡¹ğŸ‡·ğŸ‡¹ğŸ‡·ğŸ‡¹ğŸ‡·ğŸ‡¹ğŸ‡·ğŸ‡¹ğŸ‡·ğŸ‡¹ğŸ‡·,2,2024-09-22T16:54:08Z
@Staaay14,So cuteeeeee,1,2024-09-22T15:45:14Z
@Starfy_111,Skz is disbanding next year but chan promised that skz will never disbandğŸ˜¢ğŸ˜¢ğŸ˜¢ğŸ˜­ğŸ˜­ğŸ˜­ğŸ˜­ğŸ˜–ğŸ˜–ğŸ˜–,0,2024-09-22T14:07:39Z
@Starfy_111,Skz is disbanding next year ğŸ˜¢ğŸ˜¢ğŸ˜¢ğŸ˜¢ğŸ˜­ğŸ˜­ğŸ˜­ğŸ˜­ğŸ˜­ğŸ˜­,0,2024-09-22T14:06:58Z
@jiraya2.070,â¤,0,2024-09-22T13:32:10Z
@Fan_Leeknow1,I love i.nâ¤,0,2024-09-22T12:49:25Z
@just.me11,Perfect..,0,2024-09-22T12:22:06Z
@Aniaa123,The fact that they have ate as their hashtag is hilarious they are usually serious lol,0,2024-09-22T11:56:27Z
@sanna-twnii,I.N I LOVE UR FITTT,0,2024-09-22T09:38:27Z
@aesthetik981,â¤â¤,0,2024-09-22T08:17:05Z
@sta_aami,Wow,0,2024-09-22T00:53:23Z
@Straykids_bs,JEONGÄ°NNN WHY ARE YOU THIS CUTE AND WHY I BORNED IN 2013?! IF WE MARRY THAT WILL BE ILLEGAL RIGHT?â¤,0,2024-09-21T20:11:27Z
@BeckyDaigle,To the haters stop they went through a lot and y'all don't know their story,0,2024-09-21T19:57:39Z
@GabbyMendoza-d3v,Soooooo cuteeeeee,0,2024-09-21T17:43:11Z
@RyLeEeEe-17,Stoopp I wanna see them in concert so bad but there never near me ğŸ˜­ğŸ˜­ğŸ˜­,0,2024-09-21T13:56:09Z
@zaremalove1033,ğŸ–¤,0,2024-09-21T12:36:56Z
@Liavvedits,Bro their future wifes are so lucky omfg ğŸ˜­ğŸ™ğŸ™,0,2024-09-21T07:52:35Z
@rubymooorss,"Bangchan:Bakar mÄ±sÄ±n yakÄ±ÅŸÄ±klÄ±?
I.N:Yok bakamam
Bangchan:Bakar mÄ±sÄ±n bana yakÄ±ÅŸÄ±klÄ±",0,2024-09-21T07:16:50Z
@Ğ˜Ğ¼Ğ°Ğ½Ğ-Ğ±5Ğµ,I.Nâ¤,0,2024-09-21T06:16:04Z
@Pearlyytaree,So ğŸ¥° cuteee,0,2024-09-21T04:13:33Z
@Moonstone_on_pawzz,Oldest with the youngest hehe,0,2024-09-20T23:07:03Z
@KathrynHirschler-r1i,"Awww I love it I like it. Hyung and Maknae, Adorable!",0,2024-09-20T22:37:07Z
@Tamara-e7f,I love you I.N â¤,0,2024-09-20T22:29:05Z
@mih_curly,Oldest with the youngestâ™¥ï¸â™¥ï¸,0,2024-09-20T20:58:40Z
@SarahCorreia-x9t,R.I.P Oreo I.n 2024-2024 ğŸ˜­ğŸ˜­ğŸ˜­,0,2024-09-20T20:33:50Z
@ariannamelo1200,hSJAJJIS7SIfuasteghujjeakkekaauukkejjiwouğŸ˜¢ÄjjjğŸ˜®jjkkk,0,2024-09-20T20:10:51Z
@ariannamelo1200,jskkkodlklekdkaklejmdjkldlllkkkkkdkjjskksaHSjkkaopoopopsappooÃ³oÃ³Ã­oooe,0,2024-09-20T20:10:23Z
@Itzz_Moon_Dragon,Hahaha so cuteâ¤,0,2024-09-20T19:57:14Z
@summerroou5403,They are so cute ğŸ¥°ğŸ¥º,0,2024-09-20T17:51:11Z
@ZelainscaFrancisca-qn7wi,â¤â¤ğŸ˜Š,0,2024-09-20T16:24:33Z
@Jeonginim_jeonginim,I can try,1,2024-09-20T15:27:23Z
@IsabellaCisneros-lg7pm,Mary me and my friend,0,2024-09-20T12:40:42Z
@MusicOnTop2,"Maknae and leader together...
Just ğŸ˜šğŸ‘Œ",1,2024-09-20T11:16:46Z
@stay_lovekpop,Ğ‘Ğ°Ñ‚Ñ Ğ¸ ÑÑ‹Ğ½,0,2024-09-20T09:36:35Z
@ØªØ´Ø§Ù†_ÙØ§Ø·Ø±,Felix_need_rest#,0,2024-09-20T07:17:25Z
@noncisadit,"chan.Bhan     â¤â¤   I .N
ğŸº    â¤    ğŸ¦Š     ğŸ’ğŸ’ğŸ’–ğŸ’—ğŸ’“ğŸ’•",0,2024-09-20T04:35:23Z
@noncisadit,â¤,0,2024-09-20T04:32:31Z
@HUNT3RcanME0W,Why make fun of hyunjin he's so cute and hyunjin is my bias and I feel so bad for him ğŸ˜¢ğŸ˜Š,1,2024-09-19T23:35:20Z
@Family3-219,Im in love,0,2024-09-19T21:46:22Z
@AsadZaman-q4l,"Baby and his father can,t tolerate their cuteness â¤â¤â¤â¤ğŸ˜­ğŸ˜­",3,2024-09-19T18:39:37Z
@Blink_fan1,â¤â¤â¤â¤â¤â¤â¤â¤â¤â¤â¤,0,2024-09-19T18:25:28Z
@Rose_xD_12,"I.N at the end running for his lifeğŸ˜‚
Chan running for a cuddleâ¤(i don't mean to offend I.N i love him to thoâ¤)",0,2024-09-19T18:22:22Z
@-_-haSTAYIM-_-,ğŸ¦ŠğŸ’–ğŸº,0,2024-09-19T17:59:19Z
@straykidsstayx_x,i like it,1,2024-09-19T17:26:20Z
@Changbiningotu1912,ìš°ë¦¬ í• ì•„ë²„ì§€ì™€ ë§‰ë‚´ ì†ì,0,2024-09-19T17:13:29Z
@K-pop-j1k,Ñ‡Ğ¾Ğ½Ğ¸Ğ½ ğŸ˜³,0,2024-09-19T16:04:18Z
@JeynepBS,ğŸ¦ŠandğŸº lovee,0,2024-09-19T15:34:24Z
@NotHyunjinUnofficial,I.N DYED HIS HAIR â¤â¤â¤,0,2024-09-19T15:15:17Z
@Tri.BE_DiS,"ĞĞ¹ĞµĞ½ Ñ‚Ğ°Ğº Ñ…Ğ¾Ñ€Ğ¾ÑˆĞ¾ Ñ‚Ğ°Ğ½Ñ†ÑƒĞµÑ‚, ĞµĞ¼Ñƒ Ğ½Ğ°Ğ´Ğ¾ Ğ² danceRacha",0,2024-09-19T14:53:44Z
@Soya_chan,Bir baba oÄŸlu ile dans edim kovalamaca oynuyorr,0,2024-09-19T14:21:46Z
@adrianadbramirezcurvas8131,The Hyun and maknae from Stray kids I like thisğŸ”¥ğŸ’‹â¤ï¸ğŸ–¤,0,2024-09-19T13:33:40Z
@Ù†Ø¯Ù‰Ù…Ø¬Ø¨Ù„,"ILVE CHAN â¤I,Nâ¤â¤",0,2024-09-19T12:27:16Z
@user-we4oo5zh6cLYAN,"They're cute, beautiful, handsome. â¤",2,2024-09-19T11:42:55Z
@KarinaJamall,Sweettttâ¤,0,2024-09-19T07:44:56Z
@Isastay6,"â¤â¤â¤â¤â¤â¤â¤â¤â¤â¤â¤â¤â¤ ë‹¹ì‹ ì€ ëŒ€ë‹¨í•´ìš”, ì •ë§ ì¡´ê²½í•´ìš” â¤ï¸ğŸ˜Š",1,2024-09-19T00:49:48Z
@Suresh-l2t7r,The duo â¤ oldest and youngest... But still ouraknae is tall... WowğŸ˜…,0,2024-09-18T23:18:33Z
@ã‚‰ã±ã‚“-y7f,ã‚¢ã‚¤ã‚¨ãƒ³é€ƒã’ã¦ãƒãƒ³ãƒãƒ£ãƒ³è¿½ã„ã‹ã‘ã‚‹ã®ã‹ã‚ã„ã™ãâ™¡â™¡,0,2024-09-18T20:09:13Z
@DannaOchoa-m5h,â¤ï¸â¤ï¸â¤ï¸â¤ï¸â¤ï¸ğŸ˜ğŸ˜â¤ï¸â¤ï¸ğŸ˜â¤ï¸â¤ï¸ğŸ˜â¤ï¸â¤ï¸ğŸ˜ğŸ˜â¤ï¸ğŸ˜â¤ï¸ğŸ¤—â¤ï¸ğŸ˜ğŸ˜ğŸ˜ğŸ¤—ğŸ˜ğŸ˜ğŸ˜ğŸ˜â¤ï¸â¤ï¸â¤ï¸â¤ï¸â¤ï¸,0,2024-09-18T18:45:30Z
@ShamimHariz-j7r,THE OLDEST AND THE YOUNGEST ğŸ˜‚â¤ TOGETHER ğŸ˜‚,3,2024-09-18T18:23:35Z
@likaova6633,â¤â¤â¤,0,2024-09-18T18:01:33Z
@claudiaquintana8114,Es tan difÃ­cil decir quien te gusta mÃ¡s si los dos son re guapos pero amÃ³ los gestos de I.N sexys y tiernos al mismo tiempo se mueve tambiÃ©n morÃ­ cuando Cris corre atrÃ¡s de el ğŸ˜‚ğŸ˜‚ğŸ˜‚â¤â¤â¤,0,2024-09-18T17:30:16Z
@je_on_25,Very adorable Chani and I. N,0,2024-09-18T16:59:33Z
@BaharFarahbakhsh-vi8gs,Dad and son:),0,2024-09-18T16:48:52Z
@nazlinomar7071,"All the Stayysssâ¤
ğŸ‘‡ğŸ¼",2,2024-09-18T15:59:39Z
@Chloeee_thelover,I will always stand them forever and it is th maknae and the oldest together,1,2024-09-18T14:46:54Z
@ranniechalet,â¤,0,2024-09-18T14:25:44Z
@Kkkkkk-d6f,past bangchan and I.NğŸ˜‚ğŸ˜‚ğŸ˜‚,0,2024-09-18T14:13:29Z
@floreabdrra2109,ÙƒØ§Ù†Øª Ø§Ù„Ø±Ù‚ØµØ© ÙƒÙŠÙˆØªğŸ–¤ğŸ–¤ğŸ–¤,0,2024-09-18T11:40:04Z
@AdirraFarhanaFarhan,Old man+youngest man=Drake friendshipğŸ˜‚,0,2024-09-18T11:16:27Z
@jennie_kimm1-j1x,Bangchan after I.N's solo stage performance:,0,2024-09-18T10:44:00Z
@raphaelgnanavalan1954,THAT SMILE THAT I. N GAVE IN THE STARTING REMINDS ME OF JAY OF ENHYPEN,0,2024-09-18T09:33:07Z
@Ø§Ù†ÙŠÙˆØ´Ø§_Ø¹Ù…Ùƒ_Ø­ÙŠØ§ØªÙŠ,Ø¨Ø§Ù„Ø§Ø®ÙŠØ± ğŸ˜­,0,2024-09-18T09:20:40Z
@azaj9330,Leader vs maknae....,1,2024-09-18T08:08:53Z
@yukifu9155,"ã‚¤ã‚¨ãƒŠã®å‰ã ã¨ã‹ã‚ã„ããªã£ã¦ã‚‹
ã°ã‚“ã¡ã‚ƒã‚“ã‹ã‚ã‚†ã„â¤â¤",0,2024-09-18T07:35:26Z
@aizar8681,I love this duooooâ¤â¤â¤â¤â¤ğŸ”¥ğŸ”¥ğŸ”¥ğŸ’¯,0,2024-09-18T05:49:39Z
@aizar8681,U GUYS ATEEEEâ¤â¤â¤â¤â¤â¤ğŸ’¯ğŸ’¯ğŸ”¥ğŸ”¥,0,2024-09-18T05:48:54Z
@Blinkforever_123-p1c,The way chan was running behind i.n to chase him was so ğŸ¥° cute ğŸ¥°ğŸ˜Šâ¤ğŸ˜…,3,2024-09-18T03:01:18Z
@Christiecchan,My heart can't take the level of cuteness here... the way Chris chased I.N at the endğŸ˜­â¤ï¸,3,2024-09-18T01:10:33Z
@Bangchanschild-c,Baby bread and his dadğŸ¥¹ğŸ¥¹ğŸ¥¹âœ¨âœ¨âœ¨,0,2024-09-18T01:05:30Z
@julieduong6571,ğŸ¦Š Y E E T ! ğŸ¤£ğŸ¤£ğŸ¤£ğŸ¤£ğŸ¤£ğŸ¤£ğŸ¤£ğŸ¤£,0,2024-09-18T00:04:28Z
@huneeahjl8645,Channnnnn m'y dada of stray kids,0,2024-09-17T23:44:11Z
@khalfounaissa3778,iyane cuteâ¤â¤â¤â¤â¤â¤â¤â¤,1,2024-09-17T22:57:53Z
@Cat_Lover67-j4i,Chan what have you been teaching our  no longer baby bread whilst you guys are living together ?,0,2024-09-17T20:48:58Z
@AnnNguyen-zl5ob,Youngest and oldest. Perfect duo. ğŸ¦ŠğŸº,1,2024-09-17T20:20:07Z
@SharonDenisa,"The way bangchan chased I.N, so adorable both father and sonâ¤",0,2024-09-17T20:10:10Z
@ZohaAslam-i5n,I.N's HIPS DON'T LIEğŸ˜‚ğŸ˜‚ğŸ˜‚ğŸ˜‚,5,2024-09-17T19:56:56Z
@-Stay_JYPskz-,â¤â¤â¤,0,2024-09-17T19:56:54Z
@Poshcystvyi4,Ğ‘Ğ°Ğ½ Ğ§Ğ°Ğ½ Ñ‚Ğ°ĞºĞ¾Ğ¹ Ğ»Ğ°Ğ¿Ğ¾Ñ‡ĞºĞ°-Ğ¿Ğ°Ğ¿Ğ¾Ñ‡ĞºĞ°â¤,0,2024-09-17T19:56:24Z
@bubblegummm7023,"my heart just melted, chan chasing I.N and chan be babygirl at the beginning.",0,2024-09-17T19:19:43Z
@Tamayowq,Our Grandpaaa and Maknae dancing is so cuutteeeeeğŸ¤§ğŸ’—ğŸ€ğŸ‡¹ğŸ‡·,1,2024-09-17T18:52:10Z
@slaalt6802,Yerim ya siziâ¤â¤â¤â¤â¤â¤,0,2024-09-17T18:16:30Z
@Qemers_channel,Best friend shippppp.,0,2024-09-17T17:56:31Z
@Aelitha-b9s,"Behaviour : ChannieğŸ’˜ğŸ¥¹ğŸ¤
Cute smile : Chan!ğŸ¥°â¤ï¸âœ¨
Legs : ...
Legs : hel, naur, its CHRIZZTOFERğŸ’¥ğŸ’¥ğŸ’¥",0,2024-09-17T17:55:12Z
@tefsssssm,Pai e filho ğŸ’—,0,2024-09-17T17:36:03Z
@jiyon.official,Ñ‡Ğ°Ğ½ Ñ‚Ñ‹ Ğ²Ğ¾Ğ»Ğ¾ÑÑ‹ Ğ½Ğµ Ğ¼Ñ‹Ğ»???,0,2024-09-17T17:32:53Z
@SoCuteBleh69,That cute way of bangchan chasing I.N ğŸ˜‚â¤,1,2024-09-17T16:46:43Z
@Kpop_BTSarmy_ot7,Dad and son having fun when mom and rest of the kids are not around.... Love your friendshipâ¤â¤â¤ chan at the end is so cute ğŸ¥°,6,2024-09-17T16:33:13Z
@Peri_Cat,When your son grows up to be taller than you ğŸ˜­,0,2024-09-17T16:31:25Z
@DiySoo64,I love StrayKids,0,2024-09-17T16:10:06Z
@ArafatAkanbi,"The oldest and youngest, it's like big bro and little broğŸ˜Šâ¤",1,2024-09-17T15:26:05Z
@Depressed_boi_Giyuu,Jeongin and Christopher is the best duo ever (in my opinion),0,2024-09-17T15:25:41Z
@ChoiEunmii,I.N IS SO CUTE AAAAAA,0,2024-09-17T15:23:47Z
@linojagiya,Chan vÃ  con guá»™t cá»§a áº£nhğŸ˜‚â¤,0,2024-09-17T14:35:44Z
@Ù‚Ù†Ø§Ø©Ù‡Ø¯ÙŠÙ„ÙˆØ´ÙŠÙ…Ø§Ø¡,â¤â¤â¤,0,2024-09-17T14:35:35Z
@ARS_BornToWin,kasian ayennn... dikejar ama bapaknya,0,2024-09-17T13:54:14Z
@kaidilewrongmei1647,one is werewolf and another one is fox wow what a comboâ¤â¤,0,2024-09-17T13:51:05Z
@blackpinkiyiyenjennie,"I've been doing this song every day since it came out, is it normal or is it because I'm a stay?",0,2024-09-17T13:50:17Z
@Lifeofseven_7,I.N looks so cute doing this cute ğŸ¥º,8,2024-09-17T13:25:44Z
@Ğ“Ğ»Ğ°Ğ·ĞºĞ¸Ğ¡Ğ¾Ñ‘Ğ½-Ğ·1Ñ,ì•„ì—” ë„ë§ì¹˜ì§€ ë§ˆ,0,2024-09-17T13:13:59Z
@notdated,â¤ï¸,0,2024-09-17T11:44:10Z
@SKZ_dreamer,"BANG CHAAAAANNNNNNN MEUUU DEUUUUSSS QUE LINDDOOOOOO PREFEITO , RAZAO DO MEU VIVER â¤â¤â¤â¤â¤ğŸ‡§ğŸ‡·",2,2024-09-17T10:00:45Z
@bednblÃ¹_user,ĞœĞµĞ»ĞºĞ¸Ğ¹ Ñ‚Ğ°Ğº ÑĞºĞ¾Ñ€Ğ¾ Ğ±Ğ°Ñ‚Ñ ÑĞ¾Ğ²ÑĞµĞ¼ Ğ¿ĞµÑ€ĞµÑ€Ğ°ÑÑ‚ĞµÑ‚,0,2024-09-17T09:44:05Z
@Navyacouldbefree,Legends say they're still chasing each other (I lsgends)ğŸ˜Š,0,2024-09-17T09:36:07Z
@Dorrsis,Ğ’Ñ‹ Ğ¿Ñ€Ğ¾ÑÑ‚Ğ¾ Ñ„Ğ°Ğ½Ñ‚Ğ°ÑÑ‚Ğ¸ĞºĞ°â¤ğŸ˜Š,0,2024-09-17T09:30:04Z
@Dorrsis,"Ğ£Ñ‚Ğ¸,ĞºĞ°ĞºĞ¸Ğµ ĞºĞ¾Ñ‚Ğ¸ĞºĞ¸â¤â¤â¤",0,2024-09-17T09:29:35Z
@Meonlyme-o9d,Cuteeee,0,2024-09-17T08:23:08Z
@IMA_STAY_4EVER,THE CARTOON RUNğŸ˜­ğŸ˜­,0,2024-09-17T07:53:15Z
@Channiekevo,Chan dances so well HE NEEDS MORE ATTENTION TO HIS DANCING,0,2024-09-17T07:50:36Z
@staceysage1243,Come to the US pleaseâ¤â¤â¤,1,2024-09-17T04:26:03Z
@Sunshine.Minnie,â˜ºï¸ğŸ‘ğŸ‘ğŸ‘ğŸ‘,0,2024-09-17T03:29:09Z
@delilahbrown4568,So cute,1,2024-09-17T03:22:03Z
@Itvivi,That,0,2024-09-17T03:09:11Z
@oquintero2000,Oldest and youngest so cute ğŸ˜Š,0,2024-09-17T02:49:27Z
@yelitzeguerrero2710,ğŸ¤—ğŸ¤—ğŸ¤—ğŸ¤—â™¥ï¸â™¥ï¸â™¥ï¸â™¥ï¸â™¥ï¸â™¥ï¸â™¥ï¸â™¥ï¸ğŸ‘ğŸ‘ğŸ‘ğŸ‘ğŸ‘,0,2024-09-17T02:35:36Z
@ninyook11,LOVEEEâ¤,0,2024-09-17T00:39:24Z
@AndiUriel-cm7ko,QUE LINDOS,0,2024-09-17T00:35:58Z
@Luvforstraykids,â¤,1,2024-09-17T00:20:50Z
@GabbyBuria,"MY BIAS AND BIAS WRECKER (jeongin bias, bangchan wrecker)",0,2024-09-17T00:17:12Z
@BellaC-c8m,INNIE AND CHANNIE MAKE ME SO HAPPY I CAN'T â¤â¤,0,2024-09-16T23:59:50Z
@Mrs_hwang_steph,These 2 acting innocent and cute as if they didn't strip on stageğŸ˜­ (jokes obvs they are adorableğŸ˜­),5,2024-09-16T21:41:24Z
@Yakinarjoun,â¤â¤â¤â¤â¤â¤â¤â¤â¤â¤â¤â¤,0,2024-09-16T20:13:21Z
@hyunjinturnedtosteak,"I love you so much, Stray Kids are amazing! You are such beautiful, kind, loving, smiley people who are amazing dancers, singers, visuals and actors. Hyunjin could be in a K-Drama at this point ğŸ˜‚
I love you! Stray Kids Everywhere All Around The World ğŸ˜‡â¤ï¸âœ¨ï¸",1,2024-09-16T20:09:45Z
@marjor496,So playful â¤,0,2024-09-16T19:44:16Z
@rmwelch8642,Chan sweetie ğŸ¥ºğŸ˜˜ğŸ¥°,0,2024-09-16T19:02:55Z
@Nisa_34_55,IN dans mukpppâ¤â¤â¤â¤,0,2024-09-16T18:48:37Z
@ÑÑƒÑ…Ğ°Ñ€Ğ¸Ğº27-Ğ¹3Ğ·,"Ğ ĞºÑ‚Ğ¾ Ñ‚Ğ¾Ğ¶Ğµ Ñ€ÑƒÑÑĞºĞ¸Ğ¹ ğŸ«¶
Ban chan, why do I love you so much?â¤",2,2024-09-16T18:48:09Z
@Stay_vlogss,ì •ì¸ì´ ë„ˆë¬´ ê·€ì—¬ì›Œ â¤,0,2024-09-16T18:14:19Z
@mimin-,ğŸ¤­â¤ï¸â¤ï¸â¤ï¸,0,2024-09-16T18:03:04Z
@KindjaElika,We need context for what happened before this video was taken ğŸ˜­,0,2024-09-16T17:35:25Z
@kpopeira-h2y,Que fofosğŸ˜­ğŸ˜­ğŸ˜­ğŸ˜­ğŸ˜­ğŸ˜­ğŸ˜­ğŸ˜­ğŸ˜­ğŸ˜­ğŸ˜­ğŸ˜­ğŸ˜­ğŸ˜­ğŸ˜­ğŸ˜­ğŸ˜­ğŸ™ğŸ¼ğŸ™ğŸ¼ğŸ™ğŸ¼ğŸ™ğŸ¼ğŸ™ğŸ¼ğŸ™ğŸ¼ğŸ˜­ğŸ˜­ğŸ˜­ğŸ˜­,0,2024-09-16T17:17:12Z
@nonki-otaku-i4v,ãƒãƒ£ãƒ‹ãƒ‘ãƒ‘æ„›ãŒåŠç«¯ãªã„w,0,2024-09-16T16:48:15Z
@nonki-otaku-i4v,ãƒãƒ£ãƒ‹ãƒ‘ãƒ‘æ„›ãŒåŠç«¯ãªã„w,11,2024-09-16T16:46:32Z
@DinaraIbragimova0708,Bangchan INâ¤â¤,2,2024-09-16T16:28:50Z
@jaborov450,So little viewing ğŸ˜¢,2,2024-09-16T16:19:45Z
@SKZ_BTS_TXT_IS_THE_BEAS-T,"They're so cute, the way Chan looks at Ian is so cute, and when Chan runs towards Ian, they want to kill me with their cuty and beautyğŸ˜­ğŸ˜Šâ¤.",3,2024-09-16T16:16:40Z
@HoshiandwooziShow,chan/my other haft really loves chasing the makane ğŸ˜‚ğŸ˜‚ğŸ˜‚ğŸ˜‚,0,2024-09-16T16:15:54Z
@ikokugoodness1560,I.N is so cute i wanna squeeze hinâ¤ğŸ˜‚,0,2024-09-16T16:10:00Z
@ĞœĞ¸ÑĞšĞ¾Ñ‚Ğ¾Ğ²Ğ°-Ğ¸2Ñ,Ğ£ ĞµÑÑ‚ÑŒ Ñ€ÑƒÑÑĞºĞ¸Ğ¹ ÑÑ‚ĞµĞ¹ ĞºĞ¾Ñ‚Ğ¾Ñ€Ñ‹Ğ¹ Ğ»ÑĞ±Ğ¸Ñ‚ Ğ¸Ñ… Ğ²ÑĞµÑ…â¤â¤â¤,1,2024-09-16T14:45:03Z
@Sunflower-uk3ik,I like it,1,2024-09-16T14:24:34Z
@almacastro-lb1lf,Evan thought he's the leader he's still a kid and it's a good thing is never time to being a kid . I love all of your big smile you mean the world to people ğŸ¦ŠğŸºâ™¥ï¸â™¥ï¸â™¥ï¸âœ¨âœ¨âœ¨âœ¨,0,2024-09-16T14:12:49Z
@AtkÄ±lÄ±Jeongin,AYIP OLUYO AMA MÄ°LLETE DANS EDÄ°P VÄ°DEO ATMALAR KOCACIM!!! JZHDBDHSJSHSHC,0,2024-09-16T13:49:56Z
@MartabakDumai,so cute,0,2024-09-16T13:03:21Z
@Ruby_Jane-v7o,â¤â¤â¤â¤,1,2024-09-16T12:58:52Z
@Ruby_Jane-v7o,â¤â¤â¤â¤â¤,0,2024-09-16T12:58:46Z
@Ruby_Jane-v7o,â¤â¤â¤â¤â¤â¤â¤,0,2024-09-16T12:58:26Z
@NuriaR-jg1d,Bang chan ğŸ˜Šâ¤â¤,0,2024-09-16T12:55:39Z
@PrincessV95,I love I.N. smile â¤ğŸ˜Š,1,2024-09-16T11:48:35Z
@Lee_knaurrrzzz_Airfryer143,"Chan really does love his youngest son the most (dont tell the others i sade that, hehe)",0,2024-09-16T11:43:09Z
@hira-d1w,â¤â¤â¤â¤â¤â¤â¤ğŸ‰ğŸ‰ğŸ‰ğŸ‰ğŸ‰ğŸ‰ğŸ¦ŠğŸº,1,2024-09-16T11:35:16Z
@reachkamavijay,Maknae and Hyng ğŸ˜ŠğŸ˜ŠğŸ˜Šâ¤â¤,0,2024-09-16T11:23:11Z
@K_pop_142,Very funny ğŸ˜…,0,2024-09-16T10:56:45Z
@Ğ Ğ°Ñ…Ğ°Ñ‚ĞœÑƒĞºĞ°Ğ¼Ğ±ĞµÑ‚Ğ¾Ğ²Ğ°,I.N â¤â¤â¤â¤â¤â¤â¤â¤â¤â¤â¤â¤,0,2024-09-16T10:44:56Z
@gottachewa12,ØªÙˆÙ‡Ù… Ø®Ù„ØµÙˆØ§ Ø§Ù„Ø±Ù‚ØµÙ‡ ÙˆÙŠÙŠÙ†ÙŠ ÙØ¹Ù„ ÙˆØ¶Ø¹ÙŠØ© Ø§Ù„Ù‡Ø±ÙˆØ¨ğŸ˜­ğŸ¤ğŸ»ğŸ¤ğŸ»,2,2024-09-16T10:36:37Z
@kjfast4060,Ğ§Ğ¾Ğ½Ğ¸Ğ½ Ñ Ñ‚ĞµĞ±Ğµ Ğ»ÑĞ±Ğ»Ñ ì‚¬ë‘í–‰ìš”,0,2024-09-16T10:07:53Z
@Karolinabelasev,Ğ˜ Ñ…Ğ°Ğ½Ğ° Ñ‚Ğ°ĞºĞ°Ñ Ñ‚Ñ‹ Ñƒ Ğ¼ĞµĞ½Ñ Ğ±Ñ€Ğ°Ñ‚Ğ° Ğ·Ğ°Ğ±Ğ¸Ñ€Ğ°ĞµÑˆÑŒ ğŸ˜‚ğŸ˜‚,1,2024-09-16T09:33:52Z
@Random_motivation-sungti,Bangchan is so cutâ¤â¤,0,2024-09-16T09:23:43Z
@staroon_official,ìŠ¤íŠ¸ë ˆì´í‚¤ì¦ˆ ì•„ì œë¥´ë°”ì´ì”ì—ì„œ ê¸°ë‹¤ë¦¬ê³  ìˆì–´ìš” ìš°ë¦¬ ëª¨ë‘ ì •ë§ ì‚¬ë‘í•´ìš”ğŸ’—ğŸ˜»,1,2024-09-16T08:27:17Z
@staroon_official,ìŠ¤íŠ¸ë ˆì´í‚¤ì¦ˆ ì•„ì œë¥´ë°”ì´ì”ì—ì„œ ê¸°ë‹¤ë¦¬ê³  ìˆì–´ìš” ìš°ë¦¬ ëª¨ë‘ ì •ë§ ì‚¬ë‘í•´ìš”ğŸ’—ğŸ˜»,0,2024-09-16T08:27:12Z
@gazalhafezpor5907,I.n is very cuteğŸ’•ğŸ§¸ğŸ˜­,1,2024-09-16T08:25:58Z
@Lim_Ki,ğŸ’‹ğŸ’‹,0,2024-09-16T08:10:39Z
@R1zzymura_Man1mura,Maknae and hyung duo>>>>>>>>>>>,0,2024-09-16T07:46:08Z
@R1zzymura_Man1mura,They are tryna make us forget the lyrics with that cute dance ğŸ˜­,0,2024-09-16T07:45:35Z
@Saskialikeskpop,AWWW BOTH SOO CUTEğŸ’–,1,2024-09-16T07:29:31Z
@Gurukirpamc,"The way they ran 
OMG they are so so so adorable â¤â¤â¤â¤",3,2024-09-16T07:16:08Z
@janawaled6151,ğŸ¦ŠğŸ¤ğŸ¥°â˜ºï¸ğŸº,0,2024-09-16T07:09:40Z
@Kpop.bxrrylicious.1,I just wanna meet I guys in real life...even if I can't I'll try...,0,2024-09-16T07:05:39Z
@STAY-STAY-S12,The way bangchan chased I.N in the end icant they are os cuteeeee..â™¡~~â¤,6,2024-09-16T07:05:19Z
@NolleyAttom2812,AMO â¤,0,2024-09-16T06:52:00Z
@___skrz___,"Aaahh, I can't get over how ABSOLUTELY ADORABLE they just areâ¤",0,2024-09-16T06:06:58Z
@ê°ìŸˆ-u4y,ê·€ì—¬ì›Œ ë°©ë¹µâ¤ ì–¸ì œë‚˜ ì‚¬ì´ì¢‹ì€ ë§ë§‰ì¦ˆğŸ˜Š,0,2024-09-16T05:36:35Z
@sayskaherminiacarrillogarc1528,â¤,0,2024-09-16T04:01:57Z
@TreydenKruithoff,The stare of affection Bang Chan had at the beginning I love you guysâ¤â¤â¤â¤â¤â¤â¤â¤â¤â¤,0,2024-09-16T02:12:17Z
@Vika.love_123,Ğ‘Ğ°Ñ‚Ñ Ğ¸ Ğ¼Ğ»Ğ°Ğ´ÑˆĞ¸Ğ¹ ÑÑ‹Ğ½â¤,0,2024-09-16T00:43:20Z
@LivLivingForJesus,chan acting innocent after that solo is wild,0,2024-09-16T00:01:05Z
@Kittyxgabs_skz,Aww the youngest and the oldest! â¤ï¸â¤ï¸,1,2024-09-15T22:58:41Z
@Skz_wolfchan,So cute ğŸ’•ğŸ’•ğŸ’—ğŸ’—ğŸ«¶ğŸ»ğŸ«¶ğŸ»,0,2024-09-15T22:43:14Z
@Ilovefelix2345,MAKNE AND LEADER ALWAYS THE PERFECT DUO,0,2024-09-15T22:32:04Z
@ICantUseHanguelHere,"Omg this is so cute. I feel like I.N visually looks like an adult now but I can still see traces of baby bread, probably because Chan was teasing him lol",0,2024-09-15T21:19:33Z
@Akua-s7p,CHAN WOULD LOOK SOO GOOD IN A KDRAMA. HE HAS THAT KIND OF LOOK ABOUT HIM,2,2024-09-15T20:55:27Z
@ax143mitta,Maknee and hyung cuteğŸ’—ğŸ’—ğŸ’—,0,2024-09-15T20:24:07Z
@sandraaguilar-tt3ft,IN vibes then Chan chased him off ğŸ˜‚ğŸ˜‚ğŸ˜‚ğŸ˜‚ğŸ˜‚ğŸ˜‚,0,2024-09-15T19:50:53Z
@anabelahalas2055,I love you guys you are my favorite â¤â¤â¤â¤Felix and Bang Chan are my Biasâ¤â¤â¤,1,2024-09-15T19:33:15Z
@Nobody_cares02,"â€œCops and robbers chase each other full of energyyyyâ€
They took that like quite literally ğŸ¤£ğŸ¤£ğŸ¤ğŸ¤ğŸ§",1,2024-09-15T18:30:45Z
@dafneabigailbg9113,AMOOOO,0,2024-09-15T18:30:04Z
@Hyunlixdelisime5,So cuteeeeeeâ¤,0,2024-09-15T17:30:23Z
@b_blackswan,Bangchan the bestttt,1,2024-09-15T17:23:14Z
@malikasatueva8340,Ğ¢Ğ¸Ğ¿Ğ¾ Ğ¼Ğ¸Ğ»Ğ°ÑˆĞºĞ¸,0,2024-09-15T17:04:54Z
@Ø¹Ø·Ø±Ø§Ù„Ø¬Ù†Ù‡-Ø¶9Ø·,chan is sooo cute â¤â¤â¤â¤â¤â¤â¤,0,2024-09-15T17:00:31Z
@w1psgi,LINDOS AMO VCSSS,0,2024-09-15T16:52:05Z
@zelihaFA,Naur chan what are you doing baby maknae did nothing wrong ğŸ˜”ğŸ’šğŸ¤§ğŸ¥¹ both so cute,0,2024-09-15T16:21:22Z
@MuhammadHj-hl9vu,ÙˆØ§Ùˆ,0,2024-09-15T16:11:02Z
@Roseww688,Omggggg,0,2024-09-15T16:08:44Z
@francheskamelendez6342,STOPP broo the end was so cute then chan chased I.nâ¤ğŸ˜Š,0,2024-09-15T15:45:46Z
@Hanna.s_editx,O I.N q menino lindo me namorem me casem eu amo vcs,1,2024-09-15T15:38:09Z
@MaM-Mika,THEY ARE SO CUTE,1,2024-09-15T15:30:15Z
@glennarzadon8899,I love this song,1,2024-09-15T15:23:04Z
@Ranpoe4life-v,"This is so adorable!! Despite the meaning of this song, the choreo is so cutesy!",0,2024-09-15T15:17:31Z
@Angelcutiez,"How come stray kids doesnâ€™t have people that type like:
*bang Chan and Lee know are so cute ğŸ©·*",0,2024-09-15T14:58:18Z
@Negar-dk3lz,lran loYes youâ¤â¤â¤â¤â¤â¤â¤â¤â¤â¤â¤â¤â¤â¤â¤â¤â¤â¤â¤â¤â¤â¤â¤â¤â¤â¤â¤â¤â¤â¤â¤â¤â¤â¤â¤â¤â¤â¤â¤â¤â¤â¤â¤â¤â¤â¤â¤â¤â¤â¤â¤â¤â¤â¤â¤â¤â¤â¤â¤â¤â¤â¤â¤â¤â¤â¤â¤â¤â¤â¤â¤â¤â¤â¤â¤â¤â¤â¤â¤â¤â¤â¤â¤â¤â¤â¤â¤â¤â¤â¤â¤â¤â¤â¤â¤â¤â¤â¤â¤â¤â¤â¤â¤â¤â¤â¤â¤â¤â¤â¤â¤â¤,0,2024-09-15T14:26:16Z
@cidwlwwy,ğŸ’—ğŸ’—ğŸ’—ğŸ’—ğŸ’—ğŸ’—ğŸ’—ğŸ’—ğŸ’—ğŸ’—ğŸ’—ğŸ’—,0,2024-09-15T14:03:03Z
@k-pop_queen-,I LÄ°KE YOU I.NğŸ˜ğŸ’‹,2,2024-09-15T13:50:53Z
@k-pop_queen-,MY HANDSOME BOY I.N Ä° LOVE YOU ğŸ¥°ğŸ˜ğŸŒ¹ğŸ«‚,1,2024-09-15T13:50:27Z
@KarinTejovÃ¡,Bang chanâ¤â¤â¤â¤â¤,0,2024-09-15T13:42:13Z
@Halfy-dy4lv,BAPAK AMA ANAK... :(((,0,2024-09-15T13:40:41Z
@mitsiri-q2g,The youngest and the oldest ifâ€™s so cute,0,2024-09-15T13:30:23Z
@best_jeonginista,Never ending saga of father chasing his son who doesnt want to be huged,1,2024-09-15T13:00:00Z
@Felixxx143-h9l,We need *big hug* ğŸ˜¢,0,2024-09-15T12:31:38Z
@bleuscedric-d7r,â¤.I love you. â¤â¤â¤â¤â¤â¤â¤â¤,0,2024-09-15T12:26:43Z
@NaraNara-uk2lz,STRAY KÄ°DS BEST BG!!!â¤,0,2024-09-15T12:21:05Z
@Farahzinou-f8v,â¤â¤â¤â¤â¤â¤â¤â¤â¤â¤â¤â¤â¤â¤â¤â¤â¤â¤â¤â¤â¤â¤â¤â¤â¤â¤â¤â¤â¤â¤â¤â¤â¤â¤â¤â¤â¤love you so cute im Algerian  ğŸ˜ŠğŸ˜ŠğŸ˜ŠğŸ˜ŠğŸ˜ŠğŸ˜ŠğŸ˜ŠğŸ˜ŠğŸ˜Š ğŸ‰ğŸ‰ğŸ‰ğŸ‰ğŸ‰ğŸ‰ğŸ‰ğŸ‰ğŸ‰ğŸ‰ğŸ‰ğŸ‰ğŸ‰ğŸ‰ğŸ‰ğŸ‰ğŸ‰ğŸ‰,0,2024-09-15T12:15:49Z
@Ilovestraykids2,Dad and Youngest son energy ğŸ˜­,1,2024-09-15T12:04:05Z
@esthercho9052,â˜ºâ˜º,0,2024-09-15T11:30:16Z
@dinangaranasgalle8886,Whos the maknae here??â¤,0,2024-09-15T11:27:31Z
@LL-mx5ng,ÙˆØ´ Ø°Ø§ Ø§Ù„Ø¬Ù…Ø§Ù„ â¤,0,2024-09-15T11:26:38Z
@FlyingRaven25,Whyâ€™d I get Chan chasing Lee Know vibes???? ğŸ˜‚,0,2024-09-15T11:23:10Z
@haroldlegrand6232,PLEASE STRAYKIDS MUSIC FEAT ENHYPEN pleasssssssssseeeeeeâ¤â¤â¤â¤â¤â¤â¤â¤â¤â¤â¤â¤â¤â¤â¤â¤â¤,0,2024-09-15T10:59:39Z
@haroldlegrand6232,Cuuuuuuuteeeeeeeeeeeeeeee,0,2024-09-15T10:58:58Z
@JEonlixi,In is mineeee,0,2024-09-15T10:45:48Z
@Hyunjinfelix-b5k,ë°©ì°¬ì´ ë„ˆë¬´ ì˜ìƒê²¼ì–´ ì •ì¸ì´ ë„ˆë¬´ ê·€ì—¬ì›Œ ì‚¬ë‘í•´,1,2024-09-15T10:29:44Z
@user-mr7gz8ho6f,ã‹ã¾ã£ã¦ãƒãƒ³ãƒãƒ£ãƒ³å¯æ„›ã„,1,2024-09-15T10:13:30Z
@user-mr7gz8ho6f,è¦ªå­ã‚ºå°Šã„,1,2024-09-15T10:12:36Z
@CamForever2018,"You guys have my heart tied in a knot, more like a double knot heehee... But yeah j love this and the way channie chased innie was so cuteeee â¤â¤â¤â¤",0,2024-09-15T09:44:13Z
@anastasiqnen,ğŸ˜ŠğŸ˜ŠğŸ˜ŠğŸ˜Š,0,2024-09-15T09:27:12Z
@2424-nu6wj,Ğ¯ Ğ²Ğ°Ñ Ğ»Ğ°ÑÑĞ±Ğ»Ñ,0,2024-09-15T09:00:36Z
@onkz134,ğŸ˜‚ğŸ˜‚ Chan is like a father chasing his son,0,2024-09-15T08:44:09Z
@Takem_Naomii-31,Chani and and Jongin are sooo cute especially Chani. Cutie))) â¤,0,2024-09-15T08:31:31Z
@StayVille21,Dad and his sonğŸ¥¹,0,2024-09-15T08:04:59Z
@emsalcelikkanat-gb4kc,Happy birthday hannnnnnnnnnnnn,0,2024-09-15T08:02:32Z
@KumsalyyOlmisiuuuyy,MemorizedğŸ‘ŒğŸ»,0,2024-09-15T08:01:16Z
@stay_No.1_skz,They are so cutee,1,2024-09-15T07:54:33Z
@stay_No.1_skz,The way Bangchan looked him at the start ğŸ˜­he is so cute he always care about his membersâ¤,0,2024-09-15T07:54:25Z
@SofieBockovÃ¡,I miss chan's roomğŸ˜¢ğŸ˜¢â¤,1,2024-09-15T07:37:28Z
@Ahmed-z8i1y,ğŸ¤®ğŸ¤®ğŸ¤¢ğŸ˜¡ğŸ˜¡ğŸ¤¬ğŸ¤¬ğŸ¤¬ğŸ¤¬,0,2024-09-15T07:29:03Z
@kpop.lovev_,â¤,0,2024-09-15T07:24:32Z
@ĞœĞ¸Ğ»Ğ°Ğ½Ğ°213,ğŸ˜‚ğŸ˜‚ğŸ˜‚ğŸ˜‚â¤â¤â¤â¤â¤â¤â¤,0,2024-09-15T07:05:36Z
@Ğ»Ğ¸ÑĞµĞ½Ñ‹Ñ‡ĞºĞ¸Ğ½Ñ,"JEONIIIING,GOOD, HIS SOOO CUTE. GOOD,IM DIED.",0,2024-09-15T07:02:24Z
@katygradova-qx3zl,Chan is so beautiful. I. N. id is so sweet,0,2024-09-15T06:57:14Z
@Ğ—ÑƒĞ»Ñ„Ğ¸ÑĞÑ€Ğ°Ğ¿Ğ¾Ğ²Ğ°-Ñ‚2Ñ€,Chanâ¤,1,2024-09-15T06:49:11Z
@SKZ_Top_Xani,ĞºĞ°Ğ¿ĞµÑ† ÑÑ‹Ğ½Ğ¾Ğº ÑƒĞ¶Ğµ Ğ¿Ğ°Ğ¿ĞºÑƒ Ğ¿ĞµÑ€ĞµÑ€Ğ¾Ñ),1,2024-09-15T06:35:41Z
@Ğ•Ğ»ĞµĞ½Ğ°-Ğ´7Ñ5Ğ²,..ğŸ‰ğŸ’ğŸ‰ğŸ’.ğŸ˜‚.ğŸ˜Š.ğŸ˜‚.ğŸ’ğŸ‰ğŸ’ğŸ‰..,0,2024-09-15T06:25:55Z
@pumpkinpye2213,"BANG CHAN!!!!!!!â¤â¤â¤â¤â¤â¤â¤â¤â¤â¤
Ehem sorry I got a little fan girlie there....
Bang Chan seriously I love your clingy nature, your little kid smile, your eyes, the way you express your love and your gratitude towards stays and your seven childrenğŸ˜‚, I love your flaws and your talentsâ¤

Jeongin!!!!!!!â¤â¤â¤â¤â¤â¤â¤
I love your sillyness, your kindness but also full heart of love and just knowing how to make people laugh, I love your talents and I love your flaws, I love your smile and your eyes that somehow make you even cuterâ¤

I love you both so muchâ¤",0,2024-09-15T06:08:40Z
@EvelynMoreno-l3f,"Y Bangchan dispuesto a ir a abrazarlo

I.N:Ayudaaaa!!!!

Yo: jeonjin aprobecha yo que quisiera estar en los brazos de chanğŸ˜¢",0,2024-09-15T05:26:40Z
@EceMoon,Dedos ve bebis ekmekğŸ¤§ğŸ˜»âœ¨ğŸ’•ğŸ€,1,2024-09-15T05:09:24Z
@STEY001,Ğ›ÑƒÑ‡ÑˆĞ¸Ğµâ¤,0,2024-09-15T04:17:55Z
@Yingxuemei143,I. N sooo cute â¤â¤â¤,0,2024-09-15T04:01:52Z
@jayceedjosoero10,Too cute to seeâ¤â¤â¤,0,2024-09-15T03:52:24Z
@Hellowolfchan,Chris you the best leader!,0,2024-09-15T03:40:05Z
@chrispyliciousbahng,OMG BIAS I.N AND BIAS WRECKER CHAN,0,2024-09-15T03:22:17Z
@AnahiBarragan-oi4lk,ğŸ˜Šâ¤ğŸ˜Šâ¤ğŸ˜Šâ¤ğŸ˜Šâ¤ğŸ˜Šâ¤ğŸ˜Šâ¤ğŸ˜Šâ¤ğŸ˜Šâ¤,0,2024-09-15T03:21:38Z
@Raineditz143,Chan will alwats stay clingy,1,2024-09-15T02:43:54Z
@ManukiHesara,Nice duo youngest and oldest,0,2024-09-15T02:26:36Z
@Stay-g3v,I honestly am not suprised & I ğŸ’– THIS DUO (i think i spelled it right?),0,2024-09-15T01:58:29Z
@FuzyPanda92,"It's giving ""Kids take a photo with your dad.""",0,2024-09-15T01:54:27Z
@kagarafey588,two more babygirls:),0,2024-09-15T00:48:21Z
@enasselamin7539,Cops  &robbers chase each  others ğŸ¦ŠğŸº,0,2024-09-14T23:37:42Z
@ì œìœ¤ê¹€-f7p,ì•œã… ã… ã… ã… ã…  ì°¬ì´ ì›ƒëŠ”ê±° ê·€ì•¼ã…œì–´,0,2024-09-14T23:35:31Z
@watermelongirl1037,Chan really said: NEROOOOğŸƒâ€â™‚ï¸ğŸ’¨,0,2024-09-14T23:18:40Z
@raxel9739,Adorables,0,2024-09-14T23:13:41Z
@ximenaMM-123,two beautiful men together â¤â¤,0,2024-09-14T22:11:24Z
@RaphaÃ«leADAM,They are so cute,0,2024-09-14T20:16:52Z
@Straykids_stan-k4q,Happy bday hannie,1,2024-09-14T19:42:51Z
@AnniePengnotreally,the father and son duo we all need â¤â¤ğŸ˜ŠğŸ˜Š thank you in and chan ğŸ¥¹,0,2024-09-14T19:23:10Z
@aliceoliveiracostacarneiro6456,â¤â¤â¤â¤,0,2024-09-14T19:17:31Z
@Alicecorrea273,"Bang chan you are so perfectğŸ’•ğŸ’• I love you like I have never loved anyone!and i.n, you are so cute and beautiful!",0,2024-09-14T19:15:49Z
@Jungkook-s5b,ë‹¹ì‹ ì€ ì–¸ì œë‚˜ì²˜ëŸ¼ ì•„ì£¼ ì¢‹ì€ ì‚¬ëŒì…ë‹ˆë‹¤ â¤,0,2024-09-14T19:07:33Z
@RebeccaandReEee,I.N was planning the run from the clapsğŸ˜‚,0,2024-09-14T19:07:28Z
@HA_LA28,ğŸ¤âœ¨ğŸº,0,2024-09-14T18:59:11Z
@Aesthetic_Ded-cool,ì´ê²Œ ì™œ ì´ë ‡ê²Œ ê·€ì—½ì§€?ğŸ€ğŸ€ğŸ’ğŸ’ğŸ’ğŸ˜­ğŸ˜­ğŸ˜­,0,2024-09-14T18:47:57Z
@fd2894,"Cuties!! Also, kneeeessss ğŸ¤¤",1,2024-09-14T18:42:11Z
@ë‚´ìš”í‚¤,Ayayayay! The leader and maknaeâ¤â¤â¤,0,2024-09-14T17:58:26Z
@JUSTALOVELYKPOPSTAN7,Soo cuteee awww â¤ğŸ˜Š,0,2024-09-14T17:57:58Z
@maiasalazar4279,MY BIAAAAASğŸ¦…ğŸ¦…ğŸ¦…ğŸ¦…ğŸ¦…,0,2024-09-14T17:43:50Z
@ZunayraAmin,This duo is so cute!!ğŸ˜ŠğŸ˜Š Aww!!â¤,2,2024-09-14T17:33:50Z
@ravzanuraydas2804,HI FROM TURKEY ğŸ‡¹ğŸ‡·ğŸ‡¹ğŸ‡·ğŸ‡¹ğŸ‡· WE LOVEE YOU â¤ï¸â¤ï¸â¤ï¸âœ¨,1,2024-09-14T17:33:04Z
@HyunjertFannÄ±,I like it soooo cuteeee,1,2024-09-14T17:11:02Z
@ordinarySTAY,Why they both look so young?!?! They look like teenagers hereğŸ˜­,1,2024-09-14T16:58:26Z
@blinktiez-g1w,I.N is the most cutest maknae â¤â¤,9,2024-09-14T16:44:35Z
@Aze_kÃ¶nÃ¼l,Jeonginin tatlÄ±lÄ±ÄŸÄ±Ä±>>ğŸ’‹ğŸ¤­â£ï¸ğŸŒ·âœ¨ï¸,1,2024-09-14T16:32:36Z
@xroshloeofficial,HAPPY BÄ°RTHDAY LEE FELÄ°X ğŸ‰ğŸ‰ğŸ‰ğŸ‰ğŸ‰ğŸ‰ğŸ‰ğŸ‰ğŸ‰ğŸ‰ğŸ‰ğŸ‰ğŸ‰ğŸ‰ğŸ‰ğŸŠâ¤ï¸â¤ï¸ğŸ’‹ğŸ«€ğŸ¥°ğŸ¥°ğŸ¥°ğŸ˜Š,1,2024-09-14T16:23:54Z
@marionriemann3777,Love you Love you Love you Love you,0,2024-09-14T16:19:33Z
@Lailahisshow,HEHEHEHE WE BERRIESğŸ˜Š,0,2024-09-14T16:15:45Z
@Liliesssb-f2z,Koreyang,0,2024-09-14T16:14:32Z
@guillermozaldivar8564,"chan always showing his love towards the members, they are both so tenderâ¤ï¸â€ğŸ©¹ğŸ©·",0,2024-09-14T16:12:46Z
@JADEE-SKZ,Bro is acting like he never took off his shirt on stage in front of millionsğŸ’€ğŸ’€ğŸ’€,0,2024-09-14T15:56:30Z
@NatalyOlmos-y4w,Love ğŸ˜ŠğŸ˜ŠğŸ˜ŠğŸ˜ŠğŸ˜ŠğŸ˜Šâ¤â¤â¤â¤,0,2024-09-14T15:54:30Z
@KapandÄ±_61020,BANGCHAN Ä°S SO OLDDDDD,2,2024-09-14T15:48:23Z
@Millyyeyo,Bangchan faz um show com Michel telor,0,2024-09-14T15:48:07Z
@Hwang_hyuna_8,I love jeongin outfit â˜ğŸ¥¹âœ¨,0,2024-09-14T15:40:56Z
@IthinkJongseobsRootCame2005,Chan looks so smol to I.N â˜¹ï¸â¤ï¸,0,2024-09-14T15:38:29Z
@StarPlayerx-143,Clingy channnn <333 ğŸ˜­,0,2024-09-14T15:29:59Z
@ngolananh5432,Maknae and leader,0,2024-09-14T15:22:30Z
@GauriNagvekar-f1c,love you â¤â¤,0,2024-09-14T15:14:42Z
@BAKUHOE_FOR_LIFE-ec8nw,Chan also fell downğŸ˜‚ğŸ˜‚ğŸ˜‚ğŸ˜‚,0,2024-09-14T15:11:50Z
@yacobva4457,I.N is so cuteâ¤,0,2024-09-14T14:46:22Z
@Lilou-stay-straykids,BRO bang chang looks like 17 btw love you guysâ¤,1,2024-09-14T14:44:36Z
@Riley_loveskpop,"""leader"" and ""maknae"" best duo",0,2024-09-14T14:23:08Z
@ã¯ã‚Šã‚…ã†ãƒãƒ,ã‚¢ã‚¤ã‚¨ãƒ³ã®ãƒ€ãƒ³ã‚¹ãŒãƒ’ãƒ§ãƒ³ã‚¸ãƒ³ã«ä¼¼ã¦ããŸâ¤,0,2024-09-14T14:20:24Z
@fxsh-iqy,Awww this is so cute â¤â¤,1,2024-09-14T14:07:10Z
@Milorinaker,ë‚˜ëŠ” ì´ì•ˆì„ ì‚¬ë‘í•œë‹¤ â¤,0,2024-09-14T14:04:05Z
@kamakama3928,WTF bangchan x jeongin,0,2024-09-14T14:02:17Z
@ĞĞ°Ñ‚Ğ°Ğ»Ğ¸ÑĞÑ€ĞµÑ…Ğ¾Ğ²Ğ°-Ğ±5Ğ½,Ñ‡Ğ°Ğ½Ğ¸ Ğ¸ Ğ°Ğ¹ĞµĞ½ Ğ¿Ñ€Ğ¾ÑÑ‚Ğ¾ Ñ‚Ğ°ĞºĞ¸ĞµğŸ˜¢ğŸ˜¢â¤â¤â¤â¤,0,2024-09-14T13:56:37Z
@Shishi.k-pop,Madne and makne>Ğ—,0,2024-09-14T13:07:42Z
@Stay-o4s,â¤,0,2024-09-14T12:53:22Z
@AveryCarter-sl4xd,The maknae and his hyung ğŸ¥°ğŸ¥°ğŸ¥°,0,2024-09-14T12:37:57Z
@Ğ¼Ğ¸Ğ½ÑƒÑÑ,ğŸ˜¢ğŸ˜¢ğŸ‰ğŸ‰ğŸ‰ğŸ‰ğŸ˜‚â¤,0,2024-09-14T12:32:29Z
@Ğ¼Ğ¸Ğ½ÑƒÑÑ,â¤â¤â¤â¤â¤â¤â¤,0,2024-09-14T12:32:22Z
@Ğ¼Ğ¸Ğ½ÑƒÑÑ,ğŸ˜‚ğŸ˜‚â¤â¤â¤â¤â¤,0,2024-09-14T12:32:17Z
@pinksxz,ChannieğŸ˜ğŸ˜,0,2024-09-14T11:52:48Z
@JINIRETSwifeyyy,chans stare is so cute like ahhhhhh,0,2024-09-14T11:32:19Z
@Zeyzey-w8m,Love you stray kids,0,2024-09-14T11:29:21Z
@Kpo_ps,Maknae with his dadâ¤ğŸ˜Š,0,2024-09-14T11:20:18Z
@Soyatopi,I LOVE STRAY KIDS ğŸ’“ğŸ’“ğŸ’“ğŸ’“ğŸ’“ğŸ’“ğŸ’“ğŸ’“ğŸ’“,0,2024-09-14T11:15:46Z
@AmranAmran-cg4i,ğŸ¥°ğŸ¥°ğŸ¥°ğŸ¥°ğŸ¥°ğŸ¥°ğŸ¥°ğŸ’•ğŸ’•ğŸ’•ğŸ’•,1,2024-09-14T11:14:02Z
@hearts4skz,"Ahh! They look so cute! I love their friendship so much, the way Channie chased Jeongin at the end made my heart warm up, itâ€™s just so adorable!!",21,2024-09-14T10:34:18Z
@Jess_Straykids,"I love Chan and all of the stays love him, I donâ€™t know why he doesnâ€™t love himself, he is so precious, beautiful, and he is the best leader ever.â¤â¤
He has done everything for SKZ and Stays, I perfectly understand how he is feeling but he needs to see himself the way we see him â¤â¤
Love you Chanâ¤ğŸº",0,2024-09-14T10:26:44Z
@Ğ¤Ğ°Ñ‚Ğ¸Ğ¼Ğ°Ñ‚ĞœĞ°Ğ³Ğ¾Ğ¼ĞµĞ´Ğ¾Ğ²Ğ°-Ğ´2Ğ´,Ğ¯ Ğ²Ğ°Ñ Ğ»ÑĞ±Ğ»Ñ,0,2024-09-14T10:16:27Z
@Ateslisiteyy,OLLURUM,0,2024-09-14T10:12:51Z
@mikasana,å§‹ã¾ã‚‹å‰ã®ãƒãƒ£ãƒ‹ãŒãƒ„ãƒœğŸ˜‚ğŸ˜‚,0,2024-09-14T10:08:05Z
@ĞšÑƒÑ€Ğ°Ğ»Ğ°Ğ¹Ğ˜Ğ±Ñ€Ğ°Ğ³Ğ¸Ğ¼Ğ¾Ğ²Ğ°-Ğ¿1Ñ,â¤,0,2024-09-14T10:03:44Z
@jisoo_fan-w2b,The endğŸ˜‚ğŸ˜‚â¤,0,2024-09-14T10:00:18Z
@SkzStay-4ever,ë§‰ë‚´ì´ì ë¦¬ë”!!,1,2024-09-14T09:18:16Z
@muminatnabieva3988,"ì´ˆë‹Œì˜ ì˜·>>>>
ê·¸ë¦¬ê³  ì°¬ì€ ê·€ì—½ë‹¤))",1,2024-09-14T09:14:49Z
@LeeMincutewq-Elif,Dedos Chan ve baby jeong,0,2024-09-14T09:11:35Z
@JannaBaby23,Vengan a Tijuana â¤â¤â¤â¤ğŸ˜¢ğŸ˜¢ğŸ˜¢ğŸ˜¢ğŸ˜¢,0,2024-09-14T09:09:56Z
@wakanda9191,Typicallyrty,0,2024-09-14T08:28:30Z
@wakanda9191,Tyui,0,2024-09-14T08:28:06Z
@wakanda9191,Rrthvjbh,0,2024-09-14T08:27:58Z
@wakanda9191,R,0,2024-09-14T08:27:41Z
@wakanda9191,Q,0,2024-09-14T08:24:22Z
@emilygriffiths7179,Chan is so muscular ğŸ˜Šâ¤,0,2024-09-14T07:22:17Z
@lstkki4454,I guess at first bangchan was holding him so he wont run away before the challenge ğŸ˜‚ğŸ˜‚ğŸ˜‚,0,2024-09-14T07:19:07Z
@Eyloly_offical,"Ahhh cok tatlularrr
Hello Ä±'am from turkey",0,2024-09-14T07:05:22Z
@Iknowyouknowleeknow-t6u,Youngest  and oldest in one frame,0,2024-09-14T06:52:50Z
@skzkonserinegitsemkeske,chanin kalbim ğŸ˜­ğŸ’,0,2024-09-14T06:46:09Z
@Lix.yongiiee,HayÄ±r aÅŸÄ±k olma- OLDUM ISTE AA CHANIMDA CHANIM,0,2024-09-14T06:38:46Z
@KIM_MALIHA7,SOOOO CUTEEEEğŸ’œğŸ’œğŸ’œğŸ’œ,0,2024-09-14T06:21:24Z
@paoseok,"7:04 x2ğŸ˜­ğŸ˜­ terrible, lit es una pandemia pero de balazosğŸ¥²",0,2024-09-14T06:15:13Z
@paoseok,"Y esas piernotas Chan?ğŸ«¦ (respetuosamente)
El final jsjajaa tan lindosğŸ¤ğŸ»ğŸ¤",0,2024-09-14T06:11:51Z
@ĞĞºÑĞ°Ğ½Ğ°ĞÑ€Ğ»Ğ¾Ğ²Ğ°-Ñ‚6Ñ€,ĞšĞ°Ğº ĞºĞ»Ğ°ÑÑĞ½Ğ¾ Ğ¾Ğ½Ğ¸ ÑĞ¼Ğ¾Ñ‚Ñ€ÑÑ‚ÑÑâ¤,0,2024-09-14T05:42:22Z
@EstefanyMendoza-o1k,"The way Chan was holding his arm and Bangchan wanted to make eye contact with I.NğŸ˜…ğŸ˜…
ğŸºğŸ¦Š",1,2024-09-14T05:01:26Z
@EstefanyMendoza-o1k,The way Chan was holding his arm and making eye contact ğŸ˜…ğŸ˜®,1,2024-09-14T04:59:19Z
@Hwang_hg04,Our baby bread and grandfather â¤â¤,0,2024-09-14T04:35:09Z
@yeseul.stay.8,ğŸ¤ğŸ‘‘â€¦,1,2024-09-14T04:03:15Z
@Kim_Anara2,"Bangchan please stop calling yourself ugly, when I look at you I see myself because we look very similar and not only do I look like you, but there are also a million people who look like you, thanks to you they are not embarrassed by their appearance and love themselves as they are, and we also love you as you are so dad Bangchan stop thinking you are not handsome don't kill us with your words a million people are going crazy about you and your appearance you are very very handsome â¤ï¸â¤ï¸â¤ï¸â€ğŸ”¥â¤ï¸â€ğŸ”¥â¤ï¸â€ğŸ”¥â¤ï¸â€ğŸ”¥ğŸ¥° I'll tell you a secret (in the near future 14 year old girls want to steal you so that you become our dad) ""joke
I love you â¤â¤â¤â¤",0,2024-09-14T04:00:50Z
@dikvi6554,ğŸ˜‚ğŸ˜‚ğŸ˜‚ğŸ˜‚ğŸ˜‚ğŸ˜‚ğŸ˜‚ğŸ˜‚ğŸ˜‚,0,2024-09-14T03:55:29Z
@ĞĞ»Ğ¸Ğ½Ğ°ĞšĞ¾Ğ»ĞµÑĞ½Ğ¸ĞºĞ¾Ğ²Ğ°-Ñƒ3Ğ±,â¤â¤â¤â¤â¤â¤ğŸ˜ğŸ˜ğŸ˜ğŸ¥°ğŸ¥°ğŸ¥°ğŸ¥°â¤â¤ğŸ’›ğŸ’šğŸ’™ğŸ¤ğŸ–¤ğŸ–¤ğŸ§¡,1,2024-09-14T03:50:10Z
@XimenaArellano-e9l,â¤â¤â¤â¤â¤â¤â¤,0,2024-09-14T03:44:14Z
@hongjinsik8047,"ì•„ê¸°ë¹µ,,!ì°¬ì•„!!!ì‚¬ë‘í•´ ğŸ‰ğŸ‰â¤",1,2024-09-14T03:00:08Z
@seungberry23,The end was accurate to the caption ğŸ’—ğŸ˜­ğŸ˜­,1,2024-09-14T02:44:05Z
@seungberry23,SO CUTEEE MY HEART'S GONNA EXPLODE ğŸ’–ğŸ’—,1,2024-09-14T02:43:29Z
@KGW-vh1kc,This is so cute!!,0,2024-09-14T02:39:13Z
@d0o_Do0_1,The only way I can actually smile for real,0,2024-09-14T02:10:19Z
@sgcd11,Chan ğŸ˜­ğŸ˜­,0,2024-09-14T02:01:35Z
@Joojeakyungswife,Oldest and Youngest â¤,0,2024-09-14T01:41:00Z
@hanmaek3159,YANG JEONGIIIIN ğŸ˜­â¤ï¸â¤ï¸â¤ï¸â¤ï¸,0,2024-09-14T01:35:07Z
@I_loveSkz1234,The fact that Bangchan just always stairs at I.N is just so son and dad moment ğŸ˜­â¤,0,2024-09-14T01:21:08Z
@Anime_edits1785,I love stray kids they are the best â¤,1,2024-09-14T01:18:18Z
@Kim_Anara2,"I love Banchan, you are very beautiful",1,2024-09-14T00:38:52Z
@ggghhh-p7u,i still idk why the cloud is not moving maybe itâ€™s skz?,0,2024-09-14T00:26:09Z
@Ğ¢Ğ°Ñ‚ÑŒÑĞ½Ğ°-Ñ‡9Ñˆ9Ñˆ,Ğ§Ñ‚Ğ¾ Ğ¾ÑÑ‚Ğ°Ğ»Ğ¾ÑÑŒ Ğ·Ğ° ĞºĞ°Ğ´Ñ€Ğ¾Ğ¼?ğŸ˜…,0,2024-09-14T00:20:08Z
@deandrastories8199,Chan : I have to act like the maknae because our maknae is growing too fast ğŸ˜‚,0,2024-09-13T23:47:21Z
@cinturadochuuya,ğŸ’•ğŸ’•ğŸ’•ğŸ’—ğŸ’—ğŸ’—ğŸ˜¾ğŸ˜¾,0,2024-09-13T23:39:28Z
@cinturadochuuya,ğŸ”¥ğŸ”¥ğŸ”¥,0,2024-09-13T23:39:21Z
@cinturadochuuya,AMO VOCES,0,2024-09-13T23:39:10Z
@cinturadochuuya,LINDOS FOFOS AAAAAAAA,0,2024-09-13T23:39:01Z
@cinturadochuuya,meu amores arrasam muito,0,2024-09-13T23:38:42Z
@cinturadochuuya,LINDINHOS AF,0,2024-09-13T23:38:30Z
@173_nora7,Pleeeeeaaaaase we need a HAN record!! I want this on spotify ğŸ˜­ğŸ˜­,0,2024-09-13T22:36:11Z
@straykidslover15069,Aww hahaha the chase was crazy but cuteeeğŸ’–ğŸ˜âœŒ,0,2024-09-13T22:05:53Z
@Dannysantthoss,Hahaha I lovedğŸ˜‚â¤,0,2024-09-13T21:52:59Z
@Jeongin_2011,Jeongin ğŸ¦Š!!â¤,1,2024-09-13T21:45:03Z
@NanaDancer91,How cute they are!!! ğŸ˜ğŸ˜ğŸ«¶ğŸ½ğŸ«¶ğŸ½,0,2024-09-13T21:31:40Z
@Ğ£Ğ»ÑŒÑĞ½Ğ°Ğ—ÑƒÑ€Ğ¸Ğ»Ğ¸Ğ½Ğ°,Chan â™¡,0,2024-09-13T21:17:53Z
@hanyahangaw,This song is amazingâ¤,1,2024-09-13T21:17:43Z
@Ğ£Ğ»ÑŒÑĞ½Ğ°Ğ—ÑƒÑ€Ğ¸Ğ»Ğ¸Ğ½Ğ°,I. N â™¡,0,2024-09-13T21:12:10Z
@KatjaKrasaviecefan,ì •ë§ ê·€ì—½ê²Œ ë³´ì´ì‹œë„¤ìš”. ë…¸ë˜ë„ ì˜ ë¶€ë¥´ì‹œë„¤ìš”. â¤,0,2024-09-13T21:01:46Z
@mimi_meosh,Ø±ÙƒØ¶ØªØª ØªØ´Ø§Ù†Ù†ğŸ˜­ğŸ˜­ğŸ˜­,0,2024-09-13T20:55:50Z
@mimi_meosh,Ù…ÙŠÙ†Ù†Ù† Ù‚Ø§Ù„ Ø£Ù†ÙŠ ØºØ±Øª Ù…Ù† Ø§ÙŠØ§Ù†ğŸ˜–,0,2024-09-13T20:55:36Z
@mimi_meosh,Ù…Ø§ÙŠØ¨Ø§ÙŠØ³ ÙˆÙ…Ø§ÙŠØ±ÙŠÙƒØ± Ø§Ø¹Ø¹Ù‡Ù‡Ù‡Ù‡Ù‡Ù‡,0,2024-09-13T20:55:18Z
@Hira_Bangloverrrr,"Damn Bangchan, please break your prejudices about yourself, you are very handsome and have a nice voice, please don't find anything bad about yourself, everything is perfect and you are also a very good leader. Plsssss",1,2024-09-13T20:23:39Z
@carrotscucumbersyoghurt143,AWW OML THEY R SO CUTE ğŸ˜­,0,2024-09-13T20:14:23Z
@carabash4113,Chan and his clingy ass abahahahahahahaha,1,2024-09-13T19:47:05Z
@Belen-sq2ul,Jskakaka como perseguÃ­a chan a I.N ğŸ¤£â™¥ï¸â™¥ï¸â™¥ï¸,0,2024-09-13T19:46:54Z
@Myerslisa84.,Slay like always,1,2024-09-13T19:08:09Z
@Luveyheloss_channel,"ì—…ê³„ ìµœê³ ì˜ ë¦¬ë”ëŠ” ë°©ì°¬, ì—…ê³„ ìµœê³ ì˜ ë¹µì€ ì–‘ì •ì¸!ğŸºğŸ¦Šâ¤â¤â¤",1,2024-09-13T19:00:52Z
@hancuddle,Baby and leader ğŸ¤ğŸ¥º,1,2024-09-13T18:43:08Z
